citylocation,industryvertical,total_funding
Bangalore,"Consumer Internet",31026146970
Mumbai,"Consumer Internet",22654613580
Bangalore,Technology,14552057710
Gurgaon,"Consumer Internet",12995213000
Mumbai,eCommerce,11263352640
Bangalore,eCommerce,10929015256
"New Delhi","Consumer Internet",8774261430
Gurgaon,eCommerce,8354838000
Mumbai,Technology,8335550580
Pune,Technology,5662755000
Hyderabad,Technology,3646360950
"New Delhi",eCommerce,3535980900
Ahmedabad,"Consumer Internet",3153376500
Noida,"Consumer Internet",3142547000
"New Delhi",Logistics,2958200000
"New Delhi","Online budget hotel chain",2883600000
Chennai,Technology,2353785000
"New Delhi",Technology,2235729575
Chennai,"Consumer Internet",2019663500
Pune,"QSR Chain",1922400000
Gurgaon,"Logistics Services Provider",1922400000
Bangalore,"Cab Booking app platform",1922400000
Gurgaon,"Automated Storage & Warehousing Solution",1922400000
Gurgaon,"Ethnic Beverages manufacturer",1922400000
"India / USA","Big Data & Analytics platform",1922400000
Mumbai,"Fine Dining Restaurant Chain",1922400000
Mumbai,Logistics,1866540000
Chennai,"Online Classifieds & Listings",1794240000
Pune,eCommerce,1766617630
"New Delhi","Education Content Provider",1730160000
Gurgaon,Logistics,1716950000
Bangalore,Healthcare,1700230000
Bangalore,"Home services marketplace",1698120000
Noida,Technology,1679883000
Bangalore,"Online Freight Services Aggregator",1602000000
Gurgaon,"Mobile Services Marketplace",1602000000
Mumbai,"Payments Solution platform",1602000000
Bangalore,"Mobile based PoS solution",1602000000
Chennai,"Financial Inclusion platform",1602000000
"NA(Not Available)","Mobile Point of Sale payment solution",1602000000
Gurgaon,"Digital / Mobile Wallet",1602000000
Gurgaon,"Restaurant Reviews",1602000000
Mumbai,Healthcare,1541935000
Noida,eCommerce,1453960000
"New Delhi","Food & Beverage",1412030000
Hyderabad,"Consumer Internet",1378669560
Mumbai,"Tele-Shopping / eCommerce",1377720000
Gurgaon,Technology,1375117500
Gurgaon,"App based Bus Pooling Services",1281600000
"New Delhi","Online Wedding Marketplace",1281600000
Gurgaon,"Delivery & Logistics Service provider",1281600000
Mumbai,"engineering services company",1281600000
Bangalore,"Online Furniture Marketplace",1281600000
Noida,"News Aggregator mobile app",1281600000
Bangalore,"Clinical Genomics Provider",1281600000
Mumbai,"Hyperlocal Shopping App",1281600000
Mumbai,Education,1275721000
Mumbai,Others,1275680000
Mumbai,"Premium Loyalty Rewards Point Management",1239948000
Bangalore,"Online Food Delivery",1153440000
Mumbai,"Ethnic Product eCommerce",1153440000
Mumbai,Finance,1072000000
USA/India,"Efficient Energy Management platform",1063728000
Bangalore,"Online Food Ordering",1057320000
Bangalore,"Online Jewellery Store",1038096000
"New Delhi","Hyper-Local Ecommerce",1025280000
"New Delhi","Used Vehicle Marketplace",1025280000
Ahmedabad,"Global Healthcare products",1025280000
"New Delhi","Business Messaging App",1025280000
Pune/Seattle,Technology,1005000000
Gurgaon,"Premium dining Lounges & restaurants",961200000
"New Delhi","mobile-only tasks marketplace",961200000
Jaipur,"Fashion jewelry and accessories e-tailer",961200000
Mumbai,"Used Vehicles Marketplace",961200000
Gurgaon,"Fashion Discovery platform",961200000
Bangalore,"Travel information portal",961200000
Mumbai,"Used Bikes Marketplace",961200000
"Pune / USA","Data Center Software platform",961200000
"NA(Not Available)","SaaS product intelligence platform",961200000
Bangalore,"Banking Analytics Platform",961200000
Bangalore,"Online Certification Courses",961200000
"Bangalore / SFO",Technology,904500000
Bangalore,"IT infrastructure & Data Center services",865080000
Mumbai,"Fitness Tracking Management Solutions",858672000
Bangalore,"Luxury Rental Homes",817020000
"Pune / USA","Sales & Productivity Software",801000000
Ahmedabad,eCommerce,795870000
Pune,"Consumer Internet",770640280
Mumbai,"Online Education Platform",768960000
Bangalore,"Electric Scooter Manufacturer",768960000
Udupi,"Mobile App Development",768960000
Mumbai,"Online Insurance Aggregator",768960000
Bangalore,Logistics,720300000
Bangalore,Education,714890000
"Mumbai / Global","Big Data & Analytics platform",704880000
Bangalore,"Self-driven vehicle rental",704880000
Bangalore,"Hyper local logistics platform",704880000
Chennai,"Financial Services Platform",704880000
Ahmedabad,Technology,674569000
Chandigarh,"Consumer Internet",670000000
"New Delhi","Healthcare Mobile App",653616000
"New Delhi","Supply Chain & Logistics Solutions",640800000
Bangalore,"Sports Management & Physical Education Business",640800000
Bangalore,"Rental Accommodation Search platform",640800000
Chennai,"Healthcare IT Solutions & services",640800000
Bangalore,"Hyperlocal Logistics Service",640800000
Chandigarh,"Autorickshaw Aggregator & Booking platform",640800000
Bangalore,"Food Subscription platform",640800000
Mumbai,"End-to-end Logistics platform",640800000
Ahmedabad,"Online Finance lending platform",640800000
"New Delhi","Casual Dining restaurant Chain",640800000
Hyderabad,"Online comparison engine",640800000
Bangalore,"HealthcareService provider",640800000
Bangalore,"Startup funding platform",640800000
"New Delhi","Hyperlocal services marketplace",640800000
Gurgaon,"Trucking Logistic Operations",640800000
Bangalore,"Online Grocer",640800000
Gurgaon,"Hyper-Local Online/Mobile Grocery",640800000
Bangalore,"Grey collar Job Board",640800000
Mumbai,"User Engagment & Analytics platform",615168000
Mumbai,"Beauty & Wellness Products e-tailer",608760000
"New Delhi","Industrial Tools Marketplace",589536000
Bangalore,"Ecommerce Delivery locker services",576720000
Jaipur,"Online Payment Gateway",576720000
Gurgaon,"Hyperlocal Delivery Services",576720000
"New Delhi","Micro Finance Platform",551088000
Chennai,Finance,549400000
"Bangalore/ Bangkok",eCommerce,536000000
Mumbai,"Dental Clinic chain",525456000
Gurgaon,Finance,522640000
"Bangalore / San Mateo","End-to-End Lending platform",512640000
Bangalore,"Home Design & DÃ©cor solutions",512640000
Noida,"Online Travel Marketplace",512640000
"New Delhi","Gesture based Mobile Development",493416000
Bangalore,"Designer fashion Jewellery Marketplace",480600000
Mumbai,"Food Discovery & Delivery Mobile app",480600000
Mumbai,"Credit Card Fraud protection solutions",480600000
Bangalore,"Celebrity Fashion Brand",480600000
Bangalore,"Tech Recruitment platform",480600000
Kolkata,Technology,452250000
Bangalore,"Last Mile Delivery Service",448560000
Gurgaon,"Mobile Wallet",422928000
Jaipur,"Language Learning App",416520000
Pune,"Food & Beverage",411579000
Hyderabad,Finance,402000000
"New Delhi",Education,385250000
Mumbai,"Ready to cook packaged Foods",384480000
Mumbai,"Mobile Payments App",384480000
Mumbai,"Online Homeopathy Clinic",384480000
Hyderabad,"Spa & Salon Management Software",384480000
"New Delhi","Healthy Food Manufacturer",384480000
Bangalore,"Online Budget Hotel Booking Service",384480000
Mumbai,"Logistics Tech",384480000
Bangalore,"Freight logistics platform",384480000
Gurgaon,"Real Estate Advisory",384480000
Gurgaon,"Online Pharmacy & Drug DB",384480000
"Pune / USA","Cloud Enterprise Software",384480000
Mumbai,"Hyperlocal Handyman services",362052000
Mumbai,"Transportation & Logistics Platform",358848000
Gurgaon,"Hyperlocal Mobile Marketplace",352440000
Kolkata,eCommerce,326650000
Bangalore,"Online Branded Furniture etailer",320400000
Bangalore,"B2B eCommerce Marketplace",320400000
Mumbai,"Alternate Mobile Monetization platform",320400000
Bangalore,"Online Logistics Platform",320400000
"Bangalore / USA","Big Data Management Platform",320400000
"New Delhi","ECommerce Logistics provider",320400000
Bangalore,"Used Car Marketplace",320400000
"New Delhi","Real Estate Rating & Analysis",320400000
Gurgaon,"Contact Center Software Platform",320400000
Gurgaon,"Travel Tech",320400000
Chandigarh,"Auto Rickshaw Based Services",320400000
"New Delhi","Private Label lingerie Ecommerce",320400000
Bangalore,"Fashion Ecommerce store",320400000
Mumbai,"IT / Customer Engagement Consulting",320400000
Bangalore,"Data Driven recruitment recommendation",320400000
Bangalore,"Online Education Platform",320400000
Gurgaon,"Lifestyle Ecommerce Portal",320400000
"New Delhi","Affordable Hotel Booking Online",320400000
Bangalore,"Self-driven Car rental",320400000
Mumbai,"Hyper-local Online Services",320400000
Bangalore,"Payment Solutions platform",310788000
Hyderabad,"Custom Made furniture e-tailer",288360000
Bangalore,"Mobile Marketing Automation Platform",272340000
Mumbai,"Data Analytics Platform",269136000
Gurgaon,Healthcare,268000000
"New Delhi / USA",ECommerce,268000000
Hyderabad,eCommerce,262405500
Gurgaon,"HyperlocalÂ  Grocery Delivery Service",256320000
"New Delhi","Viral Content web Platform",256320000
Pune,"Mobile Commerce for Farmers",256320000
Mumbai,"Cross-channel CRM platform",256320000
Bangalore,"Language Localization Cloud platform",256320000
"New Delhi","Online Learning Platform",256320000
Vadodara,"Material Collection & Recycling",256320000
Gurgaon,"Ecommerce Discount & Cashback coupons platform",237096000
Singapore,Technology,234500000
"New Delhi",Healthcare,228271190
Bangalore,"Modular Furnishings Marketplace",224280000
Mumbai,"Online Food Delivery",224280000
Bangalore,"Fashion ECommerce",224280000
Bangalore,"Startup Analytics platform",224280000
Bangalore,"Data Driven Publishing platform",211464000
Gurgaon,Education,201000000
Mumbai,"Food Delivery Platform",198648000
Bangalore,"Online School for Analytics learning",192240000
"New Delhi","Nonbanking finance company",192240000
Boston,"Performance Optimization Platform for athletes",192240000
Hyderabad,"Mobile accessories online store",192240000
Bangalore,"Online Real Estate Marketplace",192240000
Mumbai,"E-Learning Service Provider",192240000
USA/India,"Early Cancer Detection Solutions",192240000
Mumbai,"Financial Services Portal",192240000
Gurgaon,"Restaurant Reservation Platform",192240000
Gurgaon,"Budget Accommodation aggregator",192240000
Mumbai,"Real Estate Intelligence Platform",192240000
Bangalore,"3D Printer Manufacturer",192240000
Bangalore,"B2C Messaging App",192240000
"New York/ India","Real Estate Mobile CRM",189036000
"SFO / Bangalore","Consumer Internet",180900000
Chennai,"Food & Beverage",176391000
Chennai,eCommerce,168304000
Bangalore,"Real Estate",167500000
Hyderabad,"Mobile Point of Sale solutions",160200000
Bangalore,"conversational commerce mobile app",160200000
Bangalore,"Mobile Messaging Assistant App",160200000
Bangalore,"Mutual Fund Investing platform",160200000
Chennai,"Credit Management Services",160200000
Bangalore,"Flat rental Mobile App",160200000
Mumbai,"Hyperlocal Maintenance, Repair & Cleaning services",153792000
"New Delhi","Medical Tech Instruments",153792000
Mumbai,"Business intelligence & Analytics",153792000
Pune,"Restaurant customer engagement platform",147384000
"New Delhi","Digital & Physical Publishing platform",144180000
Bangalore,"Photographer Online search & booking platform",140976000
"New Delhi","Travel Entertainment",140976000
Jaipur,eCommerce,134000000
"New Delhi","Digital Healthcare",128160000
Gurgaon,"Home Cooked Food Order & Delivery platform",128160000
Bangalore,"End to End reverse logistics Solution platform",128160000
"New Delhi","Logistics Service Provider Marketplace",128160000
Mumbai,"Sports Education Platform",128160000
"New Delhi","Online content platform for women",128160000
Bangalore,"Online Furniture, Home Appliances Rental Platform",128160000
Mumbai,"Self Driven Rental Car Platform",128160000
Bangalore,"Product discovery & recommendation platform",128160000
Mumbai,"Home Cooked Food marketplace & Delivery",128160000
Mumbai,"Competitive exam learning platform",128160000
Bangalore,"Cloud-based Hotel Booking Platform",128160000
Mumbai,"Online Insurance Distribution Platform",128160000
Hyderabad,"Solar Power Solutions company",128160000
Bangalore,"Beauty & Lifestyle Mobile Marketplace",128160000
Bangalore,"Big Data & Analytics platform",128160000
Pune,"Hasbro Toy Manufacturer",128160000
Pune,"Online Security Platform",128160000
Bangalore,"Cloud Data Integration Platform",128160000
Chennai,"Mobile Laundry Cleaning Service",128160000
Bangalore,"On-demand Service marketplace",128160000
"New Delhi","Premium Beverages",128160000
"Bangalore/ Bangkok","Marketplace App for Bangkok",121752000
Gurgaon,"Online Grocery platform",115344000
Bhopal,"Dairy Based Product Manufacturer",115344000
"Bangalore / SFO","Last Minute Travel Deals mobile marketplace",115344000
"New Delhi","Food Delivery Platform",112140000
Bangalore,"Data Science & UX design Learning platform",108936000
Kolkata,"Quick Service Restaurant Chain",102528000
Mumbai,"F&B sector Mobile Payment platform",102528000
"New Delhi","Mobile Chat based concierge service",102528000
"New Delhi","Hyperlocal Mobile Services Marketplace",102528000
Hyderabad,"Food & Beverage",100500000
Mumbai,Micro-Brewery,98042400
Bangalore,"Last Minute Hotel Booking App",96120000
Bangalore,"Skill Training Startup",96120000
Mumbai,"Mobile App based Loan disbursement platform",96120000
Mumbai,"Wealth Management Platform",96120000
"New Delhi","Private Coaching Centers",96120000
Gurgaon,"Two-Wheeler Taxi Service",92916000
Mumbai,"Crowd funding platform",89712000
Jaipur,"Consumer Internet",87252300
Indore,"Consumer Internet",86899000
"New Delhi","On-Demand Delivery Logistics",83304000
Bangalore,"Logistics Tech Platform",83304000
Bangalore,"Hyperlocal food & grocery store",83304000
Bangalore,"Online Kitchen Furniture",80100000
Mumbai,"Virtual Health consultation app",76896000
Coimbatore,"Electric Bike Manufacturers",76896000
Bangalore,"Indian Ethnic Crafts Etailer",76896000
Hyderabad,"Mobile App testing platform",76896000
"Gurgaon / SFO","Cross-device retargeting platform",76896000
Gurgaon,"Innovative Water Solutions",76896000
Mumbai,"OnDemandMobile Handyman Services",76896000
Gurgaon,"Online food ordering & Delivery service",73692000
Bangalore,"Online Health & Wellness platform",73692000
Mumbai,"Asset Financing platform",70488000
"New Delhi",Finance,67000000
Goa,"Consumer Internet",67000000
Mumbai,"Food & Beverage",67000000
Lucknow,Education,67000000
Delhi,eCommerce,67000000
Bangalore,Reality,67000000
"Pune / Dubai","Consumer Internet",67000000
Vadodara,Ecommerce,67000000
Jaipur,"Online Education Information platform",64080000
Mumbai,"Wedding Venues & Vendors Marketplace",64080000
"Bangalore / Palo Alto","visual search and discovery platform",64080000
Goa,"Mobile Fitness App",64080000
Bangalore,"Mobile Game development & Design platform",64080000
Bangalore,"Grocery Delivery platform",64080000
Mumbai,"Beauty and Wellness Marketplace",64080000
Gurgaon,"Hyperlocal healthcare product Delivery Service provider",64080000
"New Delhi","Online Consumer Lending platform",64080000
"New Delhi","Advertising & Marketing Community Networking platform",64080000
"New Delhi","Mobile Only Shopping Assistant",64080000
Mumbai,"Structural & Civil Engg Service Automation",64080000
Mumbai,"Personalized Styling platform",64080000
Bangalore,"pre-used apparel shopping mobile app",64080000
Mumbai,"Chain of Tea CafÃ©â€™s",64080000
Bangalore,"Online Meat Ordering platform",64080000
Noida,"Budget Accommodation Platform",64080000
Bangalore,"Digital Signal processing platform",64080000
Bangalore,"mobile payment software platform",64080000
Chennai,"Deep Learning Cloud Algorithms",64080000
Bangalore,"Corporate Wellness App",64080000
Bangalore,"On-Demand App based Professional service provider",64080000
Chennai,"CRM / Analytics platform",64080000
Ahmedabad,"Custom Merchandize platform",64080000
"New Delhi","Organic Food ecommerce",64080000
Mumbai,"Fitness Marketplace",64080000
Gurgaon,"Real Estate Broker network App",64080000
Mumbai,"Health-Tech platform",64080000
Mumbai,"Online Fashion Video Portal",64080000
Noida,"Video Intelligence Platform",64080000
"New Delhi","Online education marketplace",64080000
Bangalore,"Marketing / Advertising Automation platform",64080000
Bangalore,"Online Product Comparison",64080000
"New Delhi","Offline Tea Chain",64080000
Noida,"Online Ed-Tech Platform",64080000
Hyderabad,"Online Home DÃ©cor",64080000
Bangalore,"API Workflow platform",64080000
"Dallas / Hyderabad","Location Based App",64080000
Noida,"Online Hotel Booking",64080000
Chandigarh,"Auto Rickshaw based Logistics",64080000
Mumbai,"Food Logistics & Delivery",64080000
Gurgaon,"Used Gadgets Buy / Refurbishing",64080000
Noida,Education,60300000
Vadodara,"Consumer Internet",59630000
Gurgaon,"Luxury goodsÂ  Shopping Platform",57672000
Bangalore,"InteractiveÂ  How-To Guides",57672000
Panaji,Technology,53897250
Bangalore,"virtual reality, 3d simulation and stereoscopic products",51264000
Bangalore,"Bike Rental Platform",50623200
Mumbai,"Tech Platform for property brokers",50302800
Gurgaon,"Multilingual Test Preparation Platform",49341600
Noida,"Career Community for Women",49341600
Bangalore,"Job Search Platform",48700800
Mumbai,"Artificial Intelligence platform",48060000
Mumbai,"Bus Aggregation and rental mobile app",48060000
Pune,"Exclusive Platform for Doctors & Healthcare professionals",44856000
Gurgaon,"Pre-School Chain",43894800
Pune,"fund raising platform for startups",41652000
Hyderabad,"Affordable Education",41652000
Bangalore,"residential rental management platform",41011200
Gurgaon,"Fast food Chain Franchisee",40370400
Mumbai,"Hyperlocal Electronics repair Service",40370400
Bangalore,"Customer Engagement Platform",40050000
Hyderabad/USA,"Test Automation SAAS platform",38448000
Bangalore,"Branded Food products online sales",38448000
Bangalore,"Numerical Computing & Data Science Platform",38448000
"New Delhi","Community Driven News/Views Platform",38448000
Gurgaon,"Online Food ordering & delivery",38448000
Hyderabad,"Online marketplace for Photographers",38448000
"New Delhi","Visual Blogging platform",38448000
"New Delhi","Warranty Programs Service Administration",38448000
Mumbai,"Online Jewelry Store",38448000
Bangalore,"Food & Beverage",36850000
Chennai,"Probiotic Technology Products Manufacturer",35244000
Bangalore,"Workforce Management Software",35244000
Mumbai,"character merchandize sales platform",34603200
Bangalore,"Kids Tool kit for Innovation platform",33962400
Bangalore,Finance,33500000
Gwalior,"Consumer Internet",32665000
"New Delhi","Enterprise Marketing Automation platform",32040000
"New Delhi","Digital Analytics Platform",32040000
"New Delhi","Internet Network Infrastructure Services",32040000
Gurgaon,"Medical Consultation & Doctor appointment booking platform",32040000
Bangalore,"Mobile Car Servicing appointment app",32040000
"New Delhi","Budget Hotels Aggregator",32040000
Hyderabad,"Mobile Growth HackingPlatform",32040000
Gurgaon,"Auto Insurance Online platform",32040000
Belgaum,"Smartwatch Maker",32040000
Mumbai,"Job Board",32040000
Gurgaon,"QSR & Online delivery portal",32040000
"New Delhi","Professionals & Project Search Marketplace",32040000
Noida,"hotel booking app",32040000
Mumbai,"App securityÂ  testing platform",32040000
Mumbai,"Loyalty Programs & Reward Points",32040000
Gurgaon,"Taxi Rental platform",32040000
Noida,"Ecommerce Marketing Software Platform",32040000
Gurgaon,"Online Food Community Platform",32040000
Mumbai,"Tech enabled logistics platform",32040000
Gurgaon,"Hyperlocal Grocery App",32040000
Mumbai,"Used Car Marketplace",32040000
Hyderabad,"Architectural Design & Consulting",32040000
Mumbai,"Renewable energy solutions",32040000
Bangalore,"Intra-City Logistics service",32040000
Mumbai,"Online Coupon & comparison platform",32040000
Bangalore,"Video Advertisement Platform",32040000
Bangalore,"App Analytics platform",32040000
Bangalore,"Online Table Reservation",32040000
Bangalore,"Parents focused Web Content",32040000
Bangalore,"business expense management",32040000
Chennai,"Hiring Analytics platform",32040000
Pune,"Event Ticketing platform",31399200
Coimbatore,eCommerce,30150000
Mumbai,"Online Food-Tech Platform",30117600
Bangalore,"Health Mobile App",30117600
Pune,"Online Vehicle Spare Parts etailer",29476800
"New Delhi","Online Jewellery etailer",29156400
Mumbai,"Public Commute helper App",28836000
Mumbai,"B2B Mobile Auction Marketplace",28836000
Gurgaon,"Wedding Planning Platform",26272800
Gwalior,"Online Counselling and psychological support platform",25632000
Ahmedabad,"Online Student & Campus Social Networking platform",25632000
Bangalore,"Government Test Preparation platform",25632000
Bangalore,"Online Interior Designing platform",25632000
Noida,"Employee OnBoarding & Orientation platform",25632000
Pune,"Restaurant Discount app",25632000
Mumbai,"Professional Service Appointment booking service",25632000
Mumbai,"On-Demand Beauty Service",25632000
Jaipur,"Interactive Educational Games",25632000
Bangalore,"Financial Markets Software",25632000
Mumbai,"Custom Furniture Marketplace",25311600
Indore,Logistics,25125000
Mumbai,FMCG,24790000
Mumbai,"Quick Service Restaurant & Online Delivery",24670800
Gurgaon,"Food & Beverage",24656000
Missourie,Technology,22865500
Mumbai,"Picture creation & Social mobile app",22428000
Singapore,"Movie-on-demand platform",22428000
Mumbai,"Professional Health Services Platform",22428000
"New Delhi","Real Estate Broker Platform App",22428000
"New Delhi","Fashion Discovery platform",22428000
"New Delhi","Healthy Food Online Community",22428000
Pune,"Preventive Healthcare Services",22428000
Mumbai,"Mobile Compression Software",22428000
Pune,"Restaurant Management Platform",22428000
Mumbai,"Online Loans Marketplace",20505600
Ahmedabad,"Online Grocers",20505600
Bangalore,"Non Profit Organization to alleviate poverty",20185200
Mumbai,"Logistics Tech Platform",19864800
Gurgaon,"on-demand delivery service",19864800
Bangalore,"Health-Tech platform",19544400
Mumbai,"B2B Merchandize platform",19416240
"Noida / Singapore","Mobile Learning Solutions",19224000
Mumbai,"on-demand healthcare marketplace",19224000
Noida,"Branded Budget Hotel Marketplace",19224000
"New Delhi","Private Label Apparel sales",19224000
Ahmedabad,"Food Customer analytics platform",19224000
Bangalore,"Online Coffee Delivery platform",19224000
Mumbai,"Physical Storage warehouses",19224000
"New Delhi",Ed-Tech,19224000
Bangalore,"Online Job skills Showcase",17301600
Jaipur,Technology,16750000
Kolkata,"Consumer Internet",16583000
"New Delhi","Smart Safety Wearable Devices",16020000
Mumbai,"Digital Intelligent learning platform",16020000
Hyderabad,"Cricket Management Mobile Game",16020000
Gurgaon,"Health and Beauty Services Marketplace",16020000
"New Delhi","Hotel Aggregator & booking platform",16020000
"New Delhi","mobile social network",16020000
Chennai,"Online printing marketplace",16020000
Pune,"Professional Custom creators Marketplace",16020000
Pune,"Bespoke Merchandize Marketplace",16020000
Gurgaon,"Peer to Peer Lending platform",16020000
Hyderabad,"Career Development",16020000
Mumbai,"Online Fashion Aggregator",16020000
Hyderabad,"Robotic Program learning",16020000
Ahmedabad,"Logistics service platform",15699600
Bangalore,"Last Mile Logistics",15379200
Bangalore,"Real-Time stock data platform",15058800
Gurgaon,"Mobile Commerce Platform",14994720
Gurgaon,"Document Digitization platform",14738400
Noida,"Food & Beverage",14606000
"New Delhi","Exam Preparation Platform",14097600
Noida,Healthcare,13400000
Kanpur,"Consumer Internet",13400000
"New Delhi","Study Material Marketplace",13136400
"New Delhi","Cab search Comparison & Booking platform",12816000
"Mumbai / NY","International Hiring Platform",12816000
Gurgaon,"Online Food Ordering & Delivery platform",12816000
Goa,"Home Stay & room rentals platform",12816000
Gurgaon,"Online Products Discovery Platform",12816000
"New Delhi","Virtual Reality activity based learning platform",12816000
Gurgaon,"Online Art Marketplace",12816000
Bangalore,"On-Demand Business messaging",12816000
Gurgaon,"Web Content Publishing",12816000
"New Delhi","Device Repair Svcs",12816000
Hyderabad,"Ride Sharing platform",12175200
Bangalore,"Virtual Reality Headset creator",11534400
Goa,"Logistics Intelligence",11534400
Mumbai,"Food & Beverages",11432750
Bangalore,"Educational Board Games",10765440
Mumbai,"Chinese food delivery",10765440
Jodhpur,"Consumer Internet",10720000
Hyderabad,"Price Comparison",10573200
Kolkata,"Digital / Mobile Wallet",10573200
Gurgaon,"Internet of Things platform",10316880
Mumbai,"Waste Management Solutions",10252800
Pune,"QSR Restaurant Chain",10252800
Chennai,FMCG,10050000
Hyderabad,Healthcare,10050000
Pune,Healthcare,10050000
"New Delhi","Online Diagnostic Tests Marketplace",9996480
"New Delhi",Others,9916000
Bangalore,"Online RTI application services",9612000
Bangalore,"New Curation Mobile App",9612000
Vadodara,"Online Food Ordering Marketplace",9612000
Mumbai,"Domestic Help Aggregation platform",9612000
Mumbai,"On-demand Maids Service Provider",9612000
Mumbai,"eCommerce Product Search Engine",9612000
Mumbai,"Nightlife Discovery Mobile App",9612000
"New Delhi","Premium Apparel shopping portal",9612000
Mumbai,"Personal Diagnostic Mobile App",9612000
Mumbai,"Online Movie Review Platform",9612000
"New Delhi","Internet of Things platform",9612000
Gurgaon,"Diagnostic Labs aggregator platform",9612000
"New Delhi","Online City & Lifestyle Guide",9612000
"New Delhi","Online Medical Diagnostic",9612000
Bangalore,"Digital Marketing Services",8971200
Mumbai,"Ridesharing Mobile app",8330400
Mumbai,"coupons and cashback aggregator app",8010000
Bangalore,"Social Network for Artists",7689600
"New Delhi","Video Streaming",7689600
"New Delhi","On Demand Laundry Services App",7048800
Chandigarh,Technology,6700000
Trivandrum,"Consumer Internet",6700000
Bhopal,Education,6700000
Jaipur,Education,6700000
"New Delhi","Online Food ordering & Delivery platform",6408000
Kolkata,"On Demand Mobile app developer",6408000
Gurgaon,"Car Maintenance & Management mobile app",6408000
Mumbai,"Cab Sharing service Mobile app",6408000
Bangalore,"Social platform for traders and investors",6408000
Bangalore,"Healthcare Services Discovery platform",6408000
Ahmedabad,"Cloud Based Collaboration platform",6408000
"New Delhi","Travel Destination Discovery platform",6408000
Gurgaon,"Home Made Food Marketplace",6408000
Mumbai,"FinTech Startup Incubation platform",6408000
Mumbai,"ECommerce Brandsâ€™ Full Service Agency",6408000
"New Delhi","Gym & Fitness Studios Subscription platform",6408000
Pune,"Subscription based Online Grocery platform",6408000
Mumbai,"Picture based Social App",6408000
"New Delhi","on-Demand Washing & Dry-Cleaning",6408000
Mumbai,"Industrial Supplies B2B ecommerce",6408000
"New Delhi","Online Car Rental Affiliates",6408000
Chennai,"Fund Raising Platform",6408000
Mumbai,"proximity marketing & Mobile Advertising platform",5126400
Hyderabad,Logistics,5025000
"New Delhi","Food Ordering & Delivery App",4934160
Gurgaon,"Raw Meat & Ready to eat food etailer",4934160
Mumbai,"Location based Nightlife recommendationÂ  Platform",4934160
Hyderabad,"Developer Portfolio Showcase platform",4485600
"NA(Not Available)","Consumer Internet",3517500
Varanasi,"Consumer Internet",3484000
Noida,"Personalized Wish List creator app",3204000
"Mumbai / UK","Consumer Internet",2680000
Kerala,Technology,1809000
Kanpur,"Coupon Aggregator Platform",1281600
Trivandrum,Technology,0
Chandigarh,eCommerce,0
Vadodara,Technology,0
Surat,Technology,0
Karur,eCommerce,0
Udupi,Technology,0
Kochi,"Consumer Internet",0
Singapore,"Consumer Internet",0
Indore,eCommerce,0
Goa,Technology,0
Agra,eCommerce,0
Kochi,Technology,0
Hubli,eCommerce,0
Delhi,"Consumer Internet",0
Chennai,Healthcare,0
Kozhikode,Technology,0
Indore,Technology,0
USA,"Consumer Internet",0
Jaipur,"Real Estate",0
Siliguri,eCommerce,0
Pune,Education,0
London,"Consumer Internet",0
Chennai,Education,0
Pune,Auto,0
Bangalore,Auto,0
"Seattle / Bangalore","Consumer Internet",0
Kanpur,Technology,0
Ahmedabad,"Food & Beverage",0
Bangalore,BFSI,0
Gurgaon,"Real Estate",0
Bangalore,"Consumer Interne",0
Mumbai,"Brand Licensing Startup",0
Gurgaon,"Gourmet Food Discovery & Delivery platform",0
Hyderabad,"Health, Wellness & Beauty Services App",0
"New Delhi","Womens Fashion Wear Portal",0
Bangalore,"Product Learning platform",0
"New Delhi","Social Learning Platform",0
Mumbai,"Social Fitness platform",0
"New Delhi","Splitting Bills Mobile App",0
Gurgaon,"IOT Energy Management Analytics platform",0
Mumbai,"eLearning platform",0
"New Delhi","Cloud Enterprise Mobility Platform",0
"New Delhi","Online Shopping Assistant Mobile app",0
Gurgaon,"Chat based personal Assistant App",0
Chandigarh,"eCommerce returns etailer",0
Bangalore,"Holiday Resort Chain",0
Noida,"Citizens Engagement Platform",0
Mumbai,"Indoor Navigation & Analytics Solutions",0
Gurgaon,"Hyperlocal On-Demand Household Services platform",0
Goa,"ECommerce Website Creation SAAS platform",0
Bangalore,"Interface development platform for Government officials",0
Bangalore,"Private Jet Bookings Marketplace",0
Mumbai,"Event Venue Booking Platform",0
Singapore,"Digital Media Platform",0
"New Delhi","Online Renting platform",0
Bangalore,"Online marketplace for Chef Meals",0
"New Delhi","ECommerce platform solutions",0
Bangalore,"Online Media Publication",0
Bangalore,"Bike, Appliances Renting marketplace",0
"New Delhi","Online Marketplace for Industrial Goods",0
Gurgaon,"Reward points mobile app",0
Gurgaon,"Content Discovery & reward points platform",0
Mumbai,"Digital Coupons, Deal & Cashback aggregator app",0
Gurgaon,"Furniture and appliances rental platform",0
Gurgaon,"Real Estate focused Tech platform",0
Noida,"hyperlocal online Services platform",0
Mumbai,"WiFi â€“ first Cloud communication platform",0
"New Delhi","Voice Call incentivization mobile app",0
"New Delhi","Selfie Mobile App",0
Gurgaon,"Online Reputation Management Platform",0
Noida,"affordable Personal Healthcare Products",0
Vadodara,"Product Customization Platform",0
Goa/Hyderabad,"Talent platform for Fashion professionals",0
Mumbai,"Hyperlocal Logistics Service Provider",0
Bangalore,"On Demand Laundry Service platform",0
Hyderabad,"Home Improvement Service platform",0
Bangalore,"Express local delivery platform",0
"New Delhi","On-Demand Local Logistics provider",0
"New Delhi","Curated Freelancer Marketplace",0
Noida,"Online Taxi Rental Platform",0
Bangalore,"Online Gourmet Food Marketplace",0
Mumbai,"ecommerce related software product platform",0
"New Delhi","Home Healthcare Services platform,",0
"New Delhi","Automotive Services platform",0
"Chennai/ Singapore","Big Data Analytics Platform",0
Chennai,"Content Management Software Solutions",0
Bangalore,"Online Lending Marketplace",0
Bangalore,"On Demand Beauty Services Platform",0
Noida,"Education Content etailer",0
Chennai,"Clud based Learning platform",0
"New Delhi","Talent Exchange & Talent Services Marketplace",0
"New Delhi","Mobile Application Developer",0
"New Delhi","extra curricular activities marketplace app",0
Bangalore,"Hyperlocal Online Home services provider",0
Gurgaon,"Easy Business Loans platform",0
"New Delhi","Performance based Wholesale Marketplace",0
Gurgaon,"Professional Services Marketplace",0
Hyderabad,"bus ticketing and fleet management platform",0
"New Delhi","Online Income Tax Filing platform",0
Pune,"multi-sport program for preschoolers",0
Mumbai,"Organic Food etailer",0
Pune,"Product Discovery & comparison App",0
"New Delhi","Online Apparels Fashion brand",0
"Pune / Singapore","Hotel Mobile CRM Software platform",0
"New Delhi","Doctors Network Mobile App",0
Bangalore,"360-degree view creating platform",0
Gurgaon,"Online P2P lending marketplace",0
Mumbai,"B2B marketplace for industrial goods",0
"New Delhi","global community for travellers",0
Bangalore,"Prepaid Bill manager App",0
Mumbai,"Music Streaming mobile app",0
Mumbai,"Gym Discovery platform",0
Bangalore,"Online Purchase rewards app",0
Gurgaon,"Home rental platform",0
"New Delhi","Crowdsourced Delivery platform",0
"New Delhi","Real Estate Insights platform",0
Bangalore,"Startup Funding Marketplace",0
Bangalore,"Order Fulfillment SAAS platform",0
Mumbai,"Gourmet Meals Delivery",0
Bangalore,"Healthy Meals Food delivery platform",0
Bangalore,"Personalized Stock Intelligence Platform",0
Pune,"Psychometric Test Online Software",0
Gurgaon,"Online user engagement platform",0
Bangalore,"Online Grocery Store",0
Mumbai,"Investment management platform",0
Noida,"Industrial Toons Marketplace",0
Bangalore,"Artificial Intelligence Ecommerce Chatbot",0
Bangalore,"Truck Aggregator & Logistics service",0
Chandigarh,"Payment Services platform",0
Mumbai,"Doctor consultancy Mobile App",0
Mumbai,"Beauty & Wellness Services Marketplace",0
Chennai,"Smart Report Cards for Schools",0
Bangalore,"Teacher empowerment platform",0
Mumbai,"pre-used luxury item Marketplace",0
"New Delhi","Home Design & DÃ©cor platform",0
Hyderabad,"Online Bus & Cab ticketing platform",0
Bangalore,"Prepaid Mobile Bill Manager App",0
Bangalore,"Home Fitting & Fixtures Marketplace",0
Bangalore,"ECommerce Data Analytics Platform",0
Mumbai,"Designer Merchandize Marketplace",0
Bangalore,"Hyperlocal Delivery Platform",0
Mumbai,"Food discovery & table booking app",0
Mumbai,"Financial Products lead generation platform",0
Bangalore,"Sustainable Agri-inputs Firm",0
"New Delhi","Pre-owned games Marketplace",0
"New Delhi","Content-based Subscription eCommerce platform",0
Gurgaon,"Healthcare Consulting platform",0
Bangalore,"Stock Market Portal",0
"New Delhi","online meal-booking platform for train travelers",0
"New Delhi","hyperlocal delivery platform",0
Pune,"Ecommerce Product recommendation platform",0
Chennai,"Activity Based Social Network",0
Bangalore,"Consumer lending marketplace",0
Gurgaon,"Local Mobile OS",0
"New Delhi","Tech-enabled learning",0
Mumbai,"on-demand home beauty and wellness portal",0
Mumbai,"Self Driven Car rental",0
Bangalore,"Energy & Environment Online Marketplace",0
"New Delhi","Rental Accomodation finder",0
Bangalore,"Luxury Apparel rental",0
"New Delhi","anonymous bulletin board app",0
"New Delhi","Travel community platform",0
Mumbai,"Car & Bike ecommerce platform",0
Mumbai,"Energy saving solutions provider",0
Noida,"Self-Storage Spaces",0
"New Delhi","Grocery retail Mobile app",0
"New Delhi/ Houston","Machine Learning Platform",0
Mumbai,"Digital Marketing automation solution",0
"New Delhi","On-Demand Beauty Services",0
Mumbai,"Startup Focused Online Publisher",0
Bangalore,"App based Fitness coaching",0
Mumbai,"On demand cleaning & fixing services",0
"New Delhi","Beauty & Lifestyle platform",0
"New Delhi","Car & Bike ecommerce platform",0
Gurgaon,"Location based engagement & rewards platform",0
Mumbai,"Online Identity Verification Services platform",0
Kolkata,"Fashion Search & Review Platform",0
Mumbai,"pre-owned Luxury online apparel seller",0
Kolkata,"Scientific Horoscope Online Assistance platform",0
Mumbai,"Tech enabled AC bus service",0
Ahmedabad,"solar products and services marketplace",0
Bangalore,"Private Cloud Networks SAAS platform",0
Kolkata,"Education Marketplace",0
"New Delhi","Cloud Based Hotel Sales Platform",0
"New Delhi","online recipe sharing platform",0
Gurgaon,"Digital Media publishing platform",0
Mumbai,"Big Data & predictive Analysis Platform",0
Mumbai,"Business IT Intelligence Services",0
"New Delhi","Ed-Tech Platform",0
Bangalore,"Cab rental Mobile app",0
Mumbai,"Mobile Fitness Marketplace",0
Bangalore,"P2P Pre-owned goods marketplace",0
Bangalore,"Online Tailoring Services",0
Bangalore,"Rail Ticket Confirmation predictor",0
Nagpur,"Hyperlocal Goods marketplace",0
Bangalore,"Food Delivery platform",0
"New Delhi","Financial Tech",0
Pune,"Food Discovery App",0
Coimbatore,"Electric Scooter manufacturer",0
Gurgaon,"Fashion Info Aggregator App",0
"New Delhi","Online Study Notes Marketplace",0
Gurgaon,"Online Grocery Delivery",0
"New Delhi","Live video streaming app",0
Bangalore,"Online Hiring Platform",0
Mumbai,"Casual Dating App",0
"New Delhi","Private Jet/ Helicopter Marketplace",0
"New Delhi","Ethnic/ Traditional Fashion Store",0
Bangalore,"B2B logistics delivery platform",0
Bangalore,"Logistics Automation Platform",0
Chennai,"On-Demand Laundry & Dry cleaning App",0
Bangalore,"On-Demand Car services App",0
Bangalore,"Online Curated Holiday package bookings",0
"New Delhi","Beauty and Wellness Platform",0
Mumbai,"Used two-wheeler Marketplace",0
Udaipur,"Tech-enabled Rural Healthcare Services",0
Mumbai,"Engineering Innovations",0
"New Delhi","P2P Payments platform",0
Gurgaon,"Women Lifestyle Marketplace",0
"New Delhi","Artist / Designer Marketplace",0
"New Delhi","Online Printing Services",0
Mumbai,"Travel Guide Mobile App",0
Bangalore,"Skill Training & Placement Platform",0
Mumbai,"online tiffin service aggregator",0
Delhi,"Electronic Goods recycling service",0
Mumbai,"Parents & Kids Online platform",0
Bangalore,"Online Grocery platform",0
"New Delhi","On-Demand Logistics Service",0
Bangalore,"Health & Fitness App",0
Bangalore,"Online Education Marketplace",0
Gurgaon,"Travel Search Engine",0
Chennai,"Brain Games Platform",0
"New Delhi / California","Algorithmic Match Making Platform",0
Hyderabad,"Preventive healthcare services",0
Bangalore,"Science Learning App",0
Chennai,"Beauty and Wellness platform",0
Noida,"Online Education Platform",0
Bangalore,"Beauty services Mobile Marketplace",0
Bangalore,"Online Lingerie platform",0
Bangalore,"Railways Information Mobile app",0
Gurgaon,"Hyperlocal grocery delivery",0
Mumbai,"Customer Engagement Platform",0
Chennai,"Speech Recognition Solutions",0
"New Delhi","Online Education Platform",0
Mumbai,"Service-On-Demand Mobile App",0
Noida,"Intelligent Data Analytics",0
Mumbai,"Online Office Rental",0
Bangalore,"Online News Media",0
Ahmedabad,"Enterprise Communication Platform",0
"NA(Not Available)","Online Travel Planning",0
"New Delhi","Rooftop Solar Plants",0
Jaipur,"Online Car Portal",0
Bangalore,"Online Payment Gateway",0
"New Delhi","Payments Solution Provider",0
Hyderabad,"Weight Management Service",0
Mumbai,Ed-Tech,0
Chennai,"Mobile Health Tech",0
Mumbai,"On-Demand Handyman Services",0
Gurgaon,"Beauty & Wellness Mobile App",0
"New Delhi","Restaurant reservation app",0
"New Delhi","Spam Call block App",0
"New Delhi","Clean Tech",0
Bangalore,"Online Furniture ecommerce",0
Bangalore,"Mobile Food Ordering app",0
