INVESTORSNAME,_investment,percentage_contribution
"Sequoia Capital",7727598000,2.3896
"Tiger Global",6108280000,1.8889
"Brand Capital",3342136000,1.0335
"undisclosed investors",3259113380,1.0078
"Eight Roads Ventures",2704145000,0.8362
"Goldman Sachs",2274050000,0.7032
"Bertelsmann India Investments, Mayfield India, Saama Capital, India Quotient",2144000000,0.6630
"Goldman Sachs Group, Zodius Technology Fund, Norwest Venture Partners, Bertelsmann India",2097100000,0.6485
"Accel Partners",2066527500,0.6390
"Sequoia India",2043600000,0.6319
"UC-RNT Fund, Matrix Partners, alcon Edge Capital, DSG Consumer Partners",2025230000,0.6263
"Lightbox Ventures, Axis Capital & Others",2010000000,0.6216
"IIFL and Accel Partners, Kalaari Capital, IvyCap Ventures, RB Investments",2010000000,0.6216
"Institutional Venture Partners, Norwest Venture Partners, Lightspeed Venture Partners, CRV",2010000000,0.6216
"Tiger Global Management",1986480000,0.6143
"Fosun International",1959900000,0.6061
"ru-Net, Sequoia Capital,Â  Lightbox Ventures",1922400000,0.5945
"SAIF Partners and others",1922400000,0.5945
"Didi Kuaidi",1922400000,0.5945
"Tiger Global Management, Orios Venture Partners",1922400000,0.5945
"Sofina, Hillhouse Capital",1922400000,0.5945
"Helion Venture Partners,Amarpreet Sawhney, Deshpande Foundation, Fred Khosravi, Richard S. Braddock",1922400000,0.5945
"India Value Fund Advisors",1922400000,0.5945
"Hero MotoCorp",1809000000,0.5594
"GIC ventures",1794240000,0.5548
"Nexus Venture Partners",1754980000,0.5427
"IFC Everstone Group",1730160000,0.5350
"ByteDance, Arun Sarin, Matrix Partners, Sequoia Capital India, Omidyar Network,Â  Falcon Edge",1675000000,0.5180
"Creation Investments Capital Management, SAIF Partners, Sequoia Capital, Aspada Ventures",1675000000,0.5180
"Xiaomi Inc",1675000000,0.5180
"SAIF Partners",1660580000,0.5135
"B Capital Group, Ignition Partners, Greycroft, e.ventures,Â  Eight Roads Ventures",1633250000,0.5050
Paytm,1621316000,0.5014
"Info Edge (India)",1611849000,0.4984
"Ford Smart Mobility Llc",1608000000,0.4972
"Tiger Global Management, Yuri Milner, Apoletto, Accel Partners, Flipkart",1602000000,0.4954
"Bessemer Venture Partner, Accel, SAIF Partners",1602000000,0.4954
"Sequoia Capital, Ascent Capital, eContext Asia, Beenos Asia",1602000000,0.4954
"Horizons Ventures, Capricorn Investment Group, Social+Capital, Helion Advisors, Berggruen Holdings",1602000000,0.4954
"Accion, LeapFrog Investments, Lok Capital",1602000000,0.4954
"Falcon Edge Capital, Meru Capital, Ola, Matrix Partners, DSG Consumer Partners, Axis Bank",1602000000,0.4954
"Tree Line Asia, Cisco Investments, American Express, Sequoia Capital",1602000000,0.4954
"Bessemer Venture Partners",1544489000,0.4776
"Epsilon Venture Partners",1541000000,0.4765
"Microsoft Ventures, Salesforce Ventures",1541000000,0.4765
Infibeam,1463392000,0.4525
"Kalaari Capital",1452376000,0.4491
"Amazon, Vertex Ventures, Qualcomm, Ru-Net Technology Partners, Matrix Partners",1441800000,0.4458
"Nandan Nilekani, Accel Partners, Kalaari Capital and Inventus Capital",1407000000,0.4351
"Mitsui & Co & existing investors",1377720000,0.4260
"Vy Capital, SAIF Partners, Accel Partner, Bessemer Venture Partners",1371930000,0.4242
"Mahindra Partners, Eight Roads Ventures, F-Prime Capital Partners",1371930000,0.4242
"Delta Partners, Sequoia India,Â  Mayfield, Blacksoil, Trifecta Capital",1340000000,0.4144
"Alpha Capital",1340000000,0.4144
"Asset Management (Asia) Ltd, Digital Garage Inc",1306600000,0.4040
"Sequoia Capital, Times Internet Ltd & One more Fund",1281600000,0.3963
CerraCap,1281600000,0.3963
Snapdeal,1281600000,0.3963
"Zodius Technology Fund",1281600000,0.3963
AskMe,1281600000,0.3963
MakeMyTrip,1281600000,0.3963
"Tiger Global,Â  Nirvana Ventures Advisors",1281600000,0.3963
"CDC Group Plc",1273935000,0.3939
"Bhavin Turakhia",1273000000,0.3936
IndianIdeas.com,1239948000,0.3834
"SBI-FMO Fund, Bessemer Venture Partners, Catamaran Ventures",1208605000,0.3737
NanoHoldings,1206000000,0.3729
"Bessemer Venture Partners, Orios Venture Partners, Trifecta Capital,",1175940000,0.3636
"Norwest Venture Partners",1157190000,0.3578
"Sequoia Capital, Nexus venture Partners, Lightspeed Ventures, GFC",1153440000,0.3567
"Zodius Technology Fund, Lightspeed Venture Partners",1139000000,0.3522
"Trifecta Capital",1112093000,0.3439
"Zodius Capital, Lightspeed Venture Partners",1105500000,0.3419
"InnoVen Capital",1088521000,0.3366
"Bravia Capital",1072000000,0.3315
"IIFL Wealth Management Seed Venture Fund, Omidyar Network, Khosla Impact, Aspada",1072000000,0.3315
"Axiata Digital",1072000000,0.3315
"Constellation Technology Ventures (Exelon Corporation), E.ON, RWE, Khosla Ventures",1063728000,0.3289
"Norwest Venture Partners, SAIF Partners, Accel Partners",1057320000,0.3270
"Westbridge Capital Partners",1045200000,0.3232
"IvyCap Ventures, Accel Partners, Dragoneer Investment Group",1038096000,0.3210
"Lightbox Ventures, Beenos",1025280000,0.3170
"Bennett, Coleman and Company Ltd",1012615000,0.3131
"International Financial Corporation",1005000000,0.3108
"Sanjay Nayar, Vikram Sud, Anil Jaggia, Narayan Seshadri",1005000000,0.3108
"Norwest Venture Partners, Accel India",1005000000,0.3108
"Bessemer Venture Partners, Jungle Ventures, Helion Ventures",1005000000,0.3108
"Accel Partners, IDG Ventures, Kalaari Capital",1005000000,0.3108
"Franklin Templeton International Services Pvt. Ltd",1005000000,0.3108
"Naturals Salon Chain",1005000000,0.3108
"Maverick Capital Ventures, Sequoia Capital, Omidyar Network",1005000000,0.3108
"IDFC SPICE Fund, Micromax Informatics",1005000000,0.3108
"Bertelsmann India Investments",1005000000,0.3108
"Ignition Partners, Greycroft Partners, Fidelity Growth Partners India",1005000000,0.3108
"SoftBank Corp",1005000000,0.3108
"Agarwal Movers Group",998300000,0.3087
"Kalaari Capital, SAIF Partners, Steadview Capital, Sequoia Capital",993016000,0.3071
"Accel Partners, Helion Venture Partners",993240000,0.3071
"HBM Healthcare Investments, Maverick Capital Ventures, Sequoia India, Omidyar Network and Kae Capital",979950000,0.3030
Transamerica,979950000,0.3030
"Private Sector Banks (Debt Funding)",979950000,0.3030
"Sequoia Capital, Kinzon Capital",979950000,0.3030
"Kleiner Perkins, Goldman Sachs, Pine Brook",979950000,0.3030
"Softbank Ventures Korea, IMM Investment",979950000,0.3030
"CapitalG, Sequoia India",979950000,0.3030
"Chandralekha Construction Pvt. Ltd.",961200000,0.2972
"Times Internet",961200000,0.2972
"Peepul Capital",961200000,0.2972
"Eight Road Ventures",961200000,0.2972
"Tiger Global, Orios Venture Partners.",961200000,0.2972
"Fidelity Growth Partners",961200000,0.2972
"Nokia Growth Partners, Nexus Venture Partners, Avalon Ventures",961200000,0.2972
"IDG Ventures, Sequoia Capital",961200000,0.2972
"Mayfield Ventures, Kalaari Capital, Helion Ventures",961200000,0.2972
"Times of India Group & Existing investors",904500000,0.2797
"Matrix Partners, Nexus Ventures",904500000,0.2797
"Sherpa Capital, Nyca Partners and Thomvest Ventures",904500000,0.2797
"Eduardo Saverin",871000000,0.2693
"IFC, Axon Partners, Intel Capital",865080000,0.2675
"New Enterprise Associates, Cheetah Mobile",858672000,0.2655
"India Nivesh Growth Fund, Sixth Sense, TCI Ventures",849290000,0.2626
"SAIF Partners, IDG Ventures India, Vertex Ventures, Valiant Capital",837500000,0.2590
"Sunil Munjal, Mariwala family",824100000,0.2548
"Flipkart, Tiger Global",817020000,0.2526
"ADAG Reliance Private Equity",804000000,0.2486
"Sequoia Capital India, Omidyar Network, Kae Capital",804000000,0.2486
"Ravi Adusumalli, SAIF Partners",804000000,0.2486
"Sistema Asia Fund, Helion Venture, VentureEast, India Alternatives",804000000,0.2486
"Sequoia India, NEA, Prime Venture Partners",803559000,0.2485
"New Enterprise Associates",801000000,0.2477
"International Finance Corporation, Rocketship, Accel Partners, Jungle Ventures, Shailesh Rao, Venture Highway",783960000,0.2424
"Ascent Capital, Kalaari Capital",768960000,0.2378
"Accel US, Accel India, SAIF Partners.",768960000,0.2378
"Nexus Venture Partners, Blume Ventures",762985000,0.2359
Lâ€™Occitane,748249000,0.2314
"Zodius Technology Opportunities Fund, Matrix Partners",743700000,0.2300
"Rocket Internet AG, Holtzbrink Ventures, New Enterprise Associates (NEA), e.ventures, ru-Net, Deutsche Telekom Strategic Investments (DTSI), Silicon Valley Bank",737000000,0.2279
"DAH Beteiligungs GmbH",718630000,0.2222
"Sunrise Capital GmBH, Big Data Investments B.V",704880000,0.2180
"Sequoia Capital, Empire Angels, NGP",704880000,0.2180
"Sequoia Capital, Nexus Venture Partners, Blume Ventures",704880000,0.2180
"Faering Capital, Foundation Capital, Inventus Capital Partners",704880000,0.2180
"Info Edge (India) Ltd",677568500,0.2095
"Verlinvest SA",670000000,0.2072
"Omidyar Network",670000000,0.2072
"WRV Capital and IndusAge Partners, Infosys Innovation Fund",670000000,0.2072
"Unilazer Ventures,",670000000,0.2072
"Lightspeed Venture Partners India, Lightspeed US",670000000,0.2072
"Star India Pvt. Ltd",670000000,0.2072
"Kaizen Management Advisors, DeVry Inc",670000000,0.2072
"Paytm & existing investors",670000000,0.2072
"Beenext, Digital Garage, Beenos, Qualgro, Mamoru Taniya, SAIF Partners",670000000,0.2072
Aavishkaar,655400000,0.2027
"Tiger Global Management, Ratan Tata, Nexus Venture Partners",653616000,0.2021
"ain Capital Ventures, Renaud Laplanche",653300000,0.2020
"International Finance Corporation",653300000,0.2020
"Accel Partners, Nandan Nilekani,",653300000,0.2020
"Sequoia Capital India",653300000,0.2020
"Star India Pvt Ltd",653300000,0.2020
"Mayfield India, 3one4 Capital, Sistema Asia Fund, Neoplux Technology Fund",653300000,0.2020
"RB Investments, SAIF Partners, Bessemer Venture Partners",653300000,0.2020
"Lohia Group, Andre Hoffman",653300000,0.2020
"Iron Pillar and IIFL, Blume Ventures, Omidyar Network",653300000,0.2020
"CLSA Capital Partners ARIA IV Funds",640800000,0.1982
"Gaja Capital Private Equity Fund",640800000,0.1982
"Sequoia and Kalaari Capital.",640800000,0.1982
"Qualcomm Venture, Norwest Venture Partners",640800000,0.1982
"Sequoia Capital, Nexus Venture Partners",640800000,0.1982
"Saama Capital, Mayfield, Ashvin Chadha, Shailesh Mehta",640800000,0.1982
"Fidelity Growth Partners, Fidelity Biosciences",640800000,0.1982
"Sachin Bansal, Bunny Bansal & other investors",640800000,0.1982
"SAIF Partners,Â  Accel Partners",640800000,0.1982
"Fidelity Growth Partners India, SAIF Partners,Â  Helion Ventures",640800000,0.1982
"Silicon Valley Ventures, NEA Ventures, Valiant Capital, IDG Ventures India,Â  SAIF Partners, Vertex Ventures",640800000,0.1982
"Dragoneer Investment, Accel Partners, Qualcomm Ventures, Times Internet",640800000,0.1982
"SAIF Partners, Sequoia Capital",640800000,0.1982
"SEEK Ltd & affiliates",640800000,0.1982
"Carpediem Capital",630655000,0.1950
"Jungle Ventures",621793000,0.1923
"Sequoia Capital, Accel Partners",615168000,0.1902
"Harsh Mariwala, Atul Nishar, Dalip Pathak, Michael Carlos",608760000,0.1882
"Edelweiss Private Equity",603000000,0.1865
"NSI Infinium Global Pvt. Ltd",596300000,0.1844
"IvyCap Ventures",591770000,0.1830
"Kalaari Capital, Norwest Venture Partners",591310000,0.1829
"Kalaari Capital, SAIF Partners, Beenextan investment fund",589536000,0.1823
"Flipkart, Accel Partners, Delhivery, Foxconn",576720000,0.1783
"Tiger Global Management, Matrix Partners",576720000,0.1783
"Kalaari Capital, Nexus India Capital Advisors",555305000,0.1717
"Development finance institution Belgian Investment Company, Oikocredit",551088000,0.1704
"Undisclosed Investor",547542650,0.1693
"Agnus Capital",544680000,0.1684
"Bertelsmann India",535706000,0.1657
"Venturra Capital, Sequoia India, Susquehanna International Group.Â  Wavemaker Partners, Beenext, Beenos, Digital Garage",536000000,0.1657
"Accel Partners, RB Investments",536000000,0.1657
"Undisclosed Japanese investor, Bertelsmann India Investments, Nirvana Digital India Fund, Nirvana Digital Investment Holding Co Ltd, 500 Start-Ups",536000000,0.1657
"LGT Group, Asian Healthcare fund, Seedfund",525456000,0.1625
"Blue Orchard",522640000,0.1616
"Sistema Asia Fund, Amereus Group, Helion Ventures",522640000,0.1616
"SF Capital Group",512640000,0.1585
"Helion Ventures, Jungle Ventures & Bessemer Venture Partners",512640000,0.1585
"Bessemer Venture Partners, SAIF Partners",512640000,0.1585
"Yes Bank",509574000,0.1576
"Urrshila Kerkar",503041000,0.1556
"Gray Matters Capital",502500000,0.1554
"IIFL Seed Ventures Fund, Mayfield Ventures",502500000,0.1554
"Quona Capital",496508000,0.1535
"KTB Network, SAIF Partners, BEENEXT, Digital Garage",495800000,0.1533
"Tiger Global Management, Flipkart",493416000,0.1526
"Vertex Ventures, Lumis Partners",489975000,0.1515
"Jungle Ventures, Taurus Value Creation, Konly Venture, Blume Ventures",482400000,0.1492
"Indian Angel Network",481678390,0.1489
"Jitu Virwani",480600000,0.1486
"Sequoia Capital, Matrix Partners",480600000,0.1486
"Sequoia Capital, Lightspeed Ventures",480600000,0.1486
"HR Technology fund",480600000,0.1486
"Gujarat Venture Finance Limited (GVFL), Bennett Coleman & Co. Ltd",469000000,0.1450
"Norwest Venture Partners, DST Global, Accel Partners",469000000,0.1450
"Lightspeed India Partners, Waterbridge Ventures",457310000,0.1414
"Delhivery, Sands Capital and Accel Partners",448560000,0.1387
PayU,435500000,0.1347
"Lightspeed Venture Partners, Vy Capital,",431178000,0.1333
"Mayfield Ventures",425280000,0.1315
"PayU, Ribbit Capital, Omidyar Network",424645000,0.1313
"Sequoia Capital, Tree Line Asia, Innoven Capital",422928000,0.1308
"Ligthbox Ventures II, Lightbox Expansion Fund, Sequoia Capital India, RuNet South Asia, RB Investments",411579000,0.1273
"Exfinity Venture Partners",407902500,0.1261
"Sequoia India, BEENEXT, Helion Ventures",402000000,0.1243
"InnoVen Capital India",402000000,0.1243
"Vertex Ventures, Cisco Ventures, IDG Ventures",402000000,0.1243
"JSW Ventures, Blume Ventures & IvyCap Ventures",402000000,0.1243
"Rainmaker Ventures",402000000,0.1243
"Times Internet, Innoven Capital, Matrix Partners India, Qualcomm Ventures",402000000,0.1243
"You & Mr Jones, Fortisure Ventures, Diaz Nesamoney",402000000,0.1243
"RB Investments PTE Ltd, Orios Venture Partners",402000000,0.1243
GVFL,402000000,0.1243
"IDG Ventures India, Inventus Capital, Blume Ventures",402000000,0.1243
"Sequoia Capital, Kunal Bahl, Rohit Bansal, Deepinder Goyal, Ashish Dhawan, Mayank Singhal",402000000,0.1243
"Bertelsmann India Investments, Nirvana Digital India Fund, Nirvana Digital Investment Holding, 500 Startups",402000000,0.1243
"RB Investments, Sequoia Capital",391980000,0.1212
"Accel Partners, Ashish Hemrajani, Parikshit Dar, Rajesh Balpande",388600000,0.1202
"SAIF Partners, Haresh Chawla",384480000,0.1189
"Unnamed Media house and HNIs",384480000,0.1189
"DSG Consumer Partners, Saama Capital.",384480000,0.1189
"Matrix Partners India, SAIF Partners",384480000,0.1189
"Accel Partners, Flipkart",384480000,0.1189
"Deep Kalra, Sequoia Capital, Omidyar Network, Intel Capital & Kae Capital",384480000,0.1189
"Greycroft Partners, Fidelity Growth Partners",384480000,0.1189
"Accel Partners, IDG Ventures, Endiya Partners, pi Ventures, VH Capital, Axilor Partners",378914000,0.1172
"Accel Partners India",374900000,0.1159
"Nahata Family, Waheed Alli",361800000,0.1119
"Nexus Venture Partners, Omidyar Network",359315000,0.1111
"Accel Partners, Nandan Nilekaniâ€™s NRJN Trust, Mistletoe, Qualcomm Ventures, M&S Partners",359315000,0.1111
"Frontline Strategy",358848000,0.1110
"SAIF Partners, India Quotient",358450000,0.1108
"IDG Ventures, Sequoia Capital, GREE Ventures",355100000,0.1098
"Sequoia Capital, Kae Capital, Anupam Mittal, Sandeep Tandon",352440000,0.1090
"New Enterprise Associates (NEA), Blume Ventures",348400000,0.1077
"Kalaari Capital, Inventus Capital, Tekton Ventures, Kae Capital",345050000,0.1067
"Matrix Partners India",335000000,0.1036
"Nandan Nilekani",335000000,0.1036
"RTP-HC, Wonder Ventures, Techstars Ventures & Others",335000000,0.1036
"Softbank Group",335000000,0.1036
"Recruit Holdings",335000000,0.1036
"Lightbox Ventures and others",335000000,0.1036
"Accel Partners, IDG Ventures India",335000000,0.1036
"Aspada Advisors, IDG Ventures,Â  Inventus Capital",335000000,0.1036
"Michael & Susan Dell Foundation",335000000,0.1036
"Tata Capital Innovation Fund",335000000,0.1036
"Lightbox Ventures",335000000,0.1036
"Omidyar Network,",335000000,0.1036
"Kalaari Capital, India Quotient",329298000,0.1018
"Mohit Srivastav, Kishore Ganji, Venkat Vallabhaneni, Rajeev Menon",326650000,0.1010
"Snow Leopard Ventures, Alto Partners",326650000,0.1010
"Vertex Ventures, C31 Ventures",326650000,0.1010
"Impanix Capital",326650000,0.1010
"Rohto Pharmaceutical",326650000,0.1010
"Accel Partners, Shunwei Capital",326650000,0.1010
"Mayfield India, Trifecta Capital",326650000,0.1010
"Nexus Venture Partners, Innoven Capital",326650000,0.1010
"Bren Corporation",320400000,0.0991
"Exfinity Venture Partners, Unitus Impact Livelihoods Fund",320400000,0.0991
"Segnel Venture, Shinji Kimura, Sundar Chanrai, JAFCO Asia, SingTelâ€™s Innov8, Jungle Ventures, K Ganesh",320400000,0.0991
Delhivery,320400000,0.0991
"Nexus Venture Partners, Knoll Ventures and others",320400000,0.0991
"DMG information Asia Pacific",320400000,0.0991
"Forum Synergies PE Fund",320400000,0.0991
"Snow Leopard, Paytm",320400000,0.0991
"Sequoia Capital, Seedfund",320400000,0.0991
"ASK Pravi",320400000,0.0991
"Kunal Bahl, Rohit Bansal, Blume Ventures, Phanindra Sama, Raju Reddy",320400000,0.0991
"Accel Partners, Tiger Global Management",320400000,0.0991
"KJS Group",320400000,0.0991
"Accel Partners, Kalaari Capital",320400000,0.0991
"Tiger Global Management, Lightspeed Venture Partners",320400000,0.0991
"Sarva Capital",314900000,0.0974
"Catamaran Ventures, New India Investment Corporation",310788000,0.0961
,308865600,0.0955
"IDG Ventures",304380000,0.0941
"Anicut Capital",303784500,0.0939
"IvyCap Ventures, Orios Venture Partners, Mayfield India",301500000,0.0932
"Unilazer Ventures",301192000,0.0931
"General Catalyst, Founder Collective",300518000,0.0929
"Lightspeed India Partners, Blume Ventures, CyberAgent Ventures, GrowX Ventures, IMJ Investment Partners",300518000,0.0929
"HT Media Ltd",294800000,0.0912
"Manipal Education and Medical Group (MEMG), SAR Group, The Grover Trust",293985000,0.0909
"Mayfield, Nishant Rao, Dileep Nath",293985000,0.0909
"DHI Group Inc, Prime Venture Partners, Beenext, Beenos, Digital Garage, BizReach",293985000,0.0909
"Times Internet Ltd",293985000,0.0909
"Accel Partners, Jungle Ventures, SeedPlus",281400000,0.0870
"Helion Venture Partners, Exfinity Ventures",272340000,0.0842
"New Enterprise Associates, Orios Venture Partners",269136000,0.0832
"DSG Consumer Partners, American Express Ventures, Cyber Carrier VC, AdvantEdge Partners",268000000,0.0829
"SAIF Partners, IDG Ventures India",268000000,0.0829
"Lightspeed India Partners, SAIF Partners, India Quotient, Venture Highway",268000000,0.0829
"Sequoia Capital, Unitus Seed Fund",268000000,0.0829
"Artiman Ventures",268000000,0.0829
"Wipro Ventures,Â  Lumis Partners",268000000,0.0829
"Brand Capital, Siddhivinayak Skyscrapers, Dinesh R. Challa",268000000,0.0829
"Undisclosed US Based Investors",268000000,0.0829
"Puneet Dalmia",268000000,0.0829
"Deutsche Telekom Strategic Investments & Others",267853000,0.0828
"RoundGlass Partners",265080000,0.0820
"Lightspeed India",265080000,0.0820
"IDG Ventures India Advisors, Jungle Ventures",261320000,0.0808
"Lightspeed India Partners, Endiya Partners, 3one4 Capital Advisors LLP, Startupxseed Ventures LLP",261320000,0.0808
"Kae Capital, India Quotient, IFMR, and MAS Financial Services Ltd",261320000,0.0808
"Seedfund, RB International",261320000,0.0808
"DG Ventures India, Dewan Housing Finance Corp",261320000,0.0808
"Ivycap Ventures Advisors, Singularity Ventures and Ravi Dhariwal",261320000,0.0808
"GMO Japan, Neelesh Bhatnagar",261320000,0.0808
"Matrix Partners",256320000,0.0793
"Norwest Venture Partners, Nexus Venture Partners, Helion Venture Partners, Draper Fisher Jurvetson, Peepul Capital",256320000,0.0793
"Aspada Investment Advisors, Qualcomm Ventures",256320000,0.0793
InfoEdge,256320000,0.0793
"Zodius Capital, Kalaari Capital, Qualcomm Ventures, Russian venture capital fund Ru-Net, Mumbai Angels",251250000,0.0777
"Mathew Cyriac, Florintree Advisors,",248254000,0.0768
"Songhyun Investment",241200000,0.0746
"Stellaris Venture Partners, Helion Venture Partners, Powerhouse Ventures, Gokul Rajaram, Girish Mathrubootham, Aneesh Reddy, Vispi Daver",241067700,0.0745
"Kalaari Capital, Rakesh and Rajesh Jhunjhunwala",239761100,0.0741
"Undisclosed HNIs",238959000,0.0739
"IDG Ventures India, Michael & Susan Dell Foundation, Draper Associates, Unitus Seed Fund",238454500,0.0737
"Agnus Capital, Khattar Holdings",235188000,0.0727
"Brian Acton",234500000,0.0725
"Lemelson Foundation, Michael and Susan Dell Foundation",234500000,0.0725
"Ronnie Screwvala",228655000,0.0707
"Accel Partners India, RB Investments",224280000,0.0694
"Florintree, Mathew Cyriac, Chidambaram Palaniappan, Bharat Sheth",218855500,0.0677
"Raghav Bahl",211464000,0.0654
"Blacksoil Capital Pvt. Ltd",209056000,0.0646
"WGG International",209056000,0.0646
"Anil Jain & other HNIs",209056000,0.0646
"GREE Ventures, Kalaari Capital and IDG Ventures India, Summit Media, Atul Goel, and Gurpreet Singh",202523000,0.0626
"Franchise India",201000000,0.0622
"Sequoia Capital India, North Base Media, Aarin Capital, 3one4 Capital, Axilor Ventures, Kunal Shah, Sandeep Tandon",201000000,0.0622
"IDG Ventures, Accel Partners",201000000,0.0622
"Justin Kan, Qasar Younis, Paul Bucche, Susa Ventures, Kima Ventures, Axan Venture, SCM Holdings",201000000,0.0622
"Kalaari Capital, IDG Ventures India",201000000,0.0622
"Prime Venture Partners, Kalaari Capital",201000000,0.0622
"Xchange Investors NV, TransGlobal FZC",201000000,0.0622
BEENEXT,201000000,0.0622
"Fork Media",201000000,0.0622
CureFit,201000000,0.0622
"Dr. Abhishek Pandey, Jaysukh Sapra",201000000,0.0622
"JSW Ventures, Omidyar Network, Sattva Capital, Venture Works",201000000,0.0622
"GVFL Ltd",201000000,0.0622
"Mayfield India II Management Ltd",201000000,0.0622
"Accel Partners, Qualcomm Ventures, M&S Partners, Zop Smart",201000000,0.0622
"SIDBI Venture Capital Limited, YourNest Angel Fund",201000000,0.0622
"Sequoia Capital, Beenext Ventures, India Quotient, Anand Chandrasekaran",201000000,0.0622
"Mitsui & Co.",195990000,0.0606
"Kalaari Capital, Udayan Goyal",195990000,0.0606
"RNT Capital, Gokul Rajaram, Aditya Agarwal, Ruchi Sanghvi & others",195990000,0.0606
"Innovations East",195990000,0.0606
"Zephyr Peacock India",195990000,0.0606
"SIDBI Venture Capital Ltd, Kalaari Capital",195990000,0.0606
"Samridhi Fund",195990000,0.0606
"Shunwei Capital",195990000,0.0606
"Kalaari Capital Partners, Qualcomm, 3ONE4 Capital Advisors, UC-RNT",195990000,0.0606
"Manipal Global Education Services",192240000,0.0594
"SAIF Partners, Accion",192240000,0.0594
Infosys,192240000,0.0594
"Palred Technologies Ltd",192240000,0.0594
"Hampton Capital",192240000,0.0594
"High Networth Individuals from India & USA",192240000,0.0594
"Aarin Capital, Unitus Seed Fund",192240000,0.0594
"Kalaari Capital, YourNest Angel Fund",192240000,0.0594
"Helion Venture Partners, Kalaari Capital",192240000,0.0594
"DSG Consumer Partners, Saama Capital",192240000,0.0594
"Mangroves Capital Partners, Vikas Saxena",192240000,0.0594
"DMG Information",192240000,0.0594
"Neoteric Infomatique Limited",192240000,0.0594
"Biz Stone",192240000,0.0594
"India Quotient",189928000,0.0587
"Sierra Ventures, Cota Capital, Vegas Tech Fund",189036000,0.0585
"SRI Capital",186765000,0.0578
"Exfinity Venture Partners, Blume Ventures, BeeNext, Rajesh Ranavat",184250000,0.0570
"Nelstone Ventures, Transmedia Capital, Maiden Lane Ventures, CSC Upshot & Angel investors",180900000,0.0559
"Aspada Investments",176391000,0.0545
Undisclosed,172890200,0.0535
"Acumen Fund",173016000,0.0535
"Blume Ventures",171028000,0.0529
"Infuse Ventures, JLL",169858000,0.0525
"Mistletoe, M&S Partners",167500000,0.0518
"General Catalyst Partners",167500000,0.0518
"BlackSoil Capital Pvt. Ltd.",167500000,0.0518
"Syska LED group",167500000,0.0518
"Vipul Parekh, ajesh K Murthy,",167500000,0.0518
"Insitor Impact Asia Fund, Acumen Fund",167500000,0.0518
"Lightspeed Venture Partners",163325000,0.0505
"IFMR Capital Finance",163325000,0.0505
"Mitesh Majithia",160200000,0.0495
"Khosla Impact, Biz Stone, Catamaran Ventures, Global Founders Capital, European investment fund",160200000,0.0495
"Accel Partners, Deep Kalra, Rajesh Magow, Mohit Gupta, Shamik Sharma",160200000,0.0495
"IDG Ventures India, Elevar Equity, Accion Venture Lab",160200000,0.0495
Commonfloor,160200000,0.0495
"IIFL Seed Ventures, Kae Capital, FJ Labs, Singularity Ventures, GrowX, Tracxn Labs, Axis Capital",156792000,0.0485
"Vallabh Bhanshali, N Squared Management LLC, Jagdish & Sandeep Mehta Family Office",154100000,0.0477
"Sachin and Binny Bansal, Malvinder and Shivinder Singh, Gurpreet Singh & others",153792000,0.0476
"SIDBI Venture Capital Ltd",153792000,0.0476
"Mahindra and Mahindra Financial Services",150259000,0.0465
"HDFC, Faering Capital, Elevate Sports",147400000,0.0456
"Undisclosed Investors & Tamarind Family Private Trust",147400000,0.0456
"Dunamis Ventures Pte Ltd",146992500,0.0455
"Vedanta Capital, William Campbell, Toos N Daruvala",146992500,0.0455
"William Bissell, Neeraj Aggarwal, Nandan Nilekani",144180000,0.0446
"IdeaSpring Capital",143726000,0.0444
"ABM Knowledgeware",143726000,0.0444
"Sequoia Capital, Jason Hirschhorn, Jarett Posner, and Amit Bhatiani",140976000,0.0436
"Blume Ventures, Contrarian Capital, 91springboard, Emergent Ventures, Abstract Ventures, Anthill Ventures, Axilor Ventures",137193000,0.0424
"Siddhartha Gupta, Ashvin Chadha",134000000,0.0414
"Ivy League Alumni Angel Network",134000000,0.0414
"Manish Maheshwari, Contrarian Vriddhi Fund",134000000,0.0414
"IDG Ventures, Indian Angel Network (IAN), YourNest Angel Fund",134000000,0.0414
"Naveen Arya, Tarun Joshi",134000000,0.0414
"India Quotient, FAO Ventures, Indian Angel Network, Tushar Singh, Ranjan Sharma",134000000,0.0414
"Sophia Investment ApS",134000000,0.0414
"Aramex Ventures Llc",134000000,0.0414
"Kalaari Capital, Qualcomm Ventures, ru-Net, Zodius Technology Opportunities Fund,",134000000,0.0414
"Romulus Capital",134000000,0.0414
"Yeahmobi, Fenqile",134000000,0.0414
"3 undisclosed HNIs",134000000,0.0414
"FF Angel, Sequoia Capital",134000000,0.0414
"Man Capital",134000000,0.0414
"CASHurDRIVE Marketing Pvt Ltd",134000000,0.0414
"Parampara Capital",131080000,0.0405
"Sequoia Capital, Grey Orange, Rajesh Ramaiah, Anshuman Das, Rishi Das",130660000,0.0404
"Alphard Maritime Group",130660000,0.0404
"Endiya Partners, Ventureast",130660000,0.0404
"SAP.iO, Unilazer Ventures",130660000,0.0404
"IndiaNivesh Venture Capital Fund",130660000,0.0404
Flipkart,130660000,0.0404
"Pankaj Gupta",128160000,0.0396
"Unilazer Ventures, Orios Venture Partners, Steven Lurie",128160000,0.0396
"Chicago Capital Ventures, Sanjay Mehta, Others",128160000,0.0396
"Ritesh Dwivedy, Ramakant Sharma, Mount Nathan Advisors",128160000,0.0396
"TCS, HDFC, Faering Capital, Elevate Sports",128160000,0.0396
"IDG Ventures India, Kalaari Capital, 500 Startups",128160000,0.0396
"IDG Ventures India,Â  Accel Partners India",128160000,0.0396
"Sanjeev Kapoor,Â  Ravi Saxena & Others",128160000,0.0396
"Karanpal Singh",128160000,0.0396
"Cataraman Ventures",128160000,0.0396
"Infuse Ventures, The Chennai Angels",128160000,0.0396
"Rocket Internet",128160000,0.0396
"IDG Ventures India, Omidyar Network, Sherpalo Ventures,Â  Mohandas Pai",128160000,0.0396
"Oliphabs Capital",128160000,0.0396
"Exfinity Ventures",128160000,0.0396
"Helion Venture Partners, Orios Venture Partners",128160000,0.0396
"Arun Chandra Mohan, Praveen Sinha",128160000,0.0396
"Rajendra Gogri,Â  Chandrakant Gogri",128160000,0.0396
"Nirvana Venture Advisors",128160000,0.0396
"Accel Partners, SAIF Partners",128160000,0.0396
"Kanwaljit Singh, Shripad Nadkarni, Sarvesh Shahra & Others",128160000,0.0396
"Sequoia India, BEENEXT Ventures, Kunal Shah & Sandeep Tandon",121752000,0.0376
"Lumis Partners, The HR Fund, Rajul Garg, Quintillion Media",120600000,0.0373
"Hyderabad Angels",118095000,0.0365
"Prime Venture Partners",117250000,0.0363
"Kae Capital",116969000,0.0362
"SIDBI Venture Capital Fund",116940700,0.0362
"Version One Ventures, 500 Startups, Nexus Venture Partners and Arena Ventures",115344000,0.0357
"Sequoia Capital, Rohit Bansal, Kunal Bahl, Sandeep Tandon, Kunal Shah, Zishaan Hayath,Â  Abhishek Jain",113900000,0.0352
"Phanindra Sama, Anupam Mittal, Vijay Shekhar Sharma, Vishal Gondal, Sateesh Andara & others",112140000,0.0347
"Allen Blue, John Katzman, Naveen Tewari, Kartik Hosanagar, Kashyap Deorah, 500 Startups, Blue Fog Capital",108936000,0.0337
"Flipkart Logistics Pvt. Ltd",105860000,0.0327
"Snow Leopard Technology Ventures",102528000,0.0317
"SAIF Partners, Accel Partners, Kunal Bahl, Rohit Bansal",102528000,0.0317
"Blume Ventures, Mumbai Angels, ah! Ventures, Digital Currency Group, Boost VC, Bank to the Future and Funders Club",100500000,0.0311
"Mukul Singhal, Rohit Jain, Himanshu Aggrawal, Sunil Goyal Ashish Gupta,",100500000,0.0311
"Uniqorn Ventures Fund, TV Mohandas Pai, S Somasegar",100500000,0.0311
"Kalaari Capital Accelerator Program",100500000,0.0311
"Accel Partners, Matrix Partners, Girish Mathrubootham",100500000,0.0311
"Stanford Angels, LetsVenture, Chennai Angels, Hyderabad Angels, Mumbai Angels",100500000,0.0311
"Sashi Reddi & Other unnamed investors",100500000,0.0311
"MoMagic Technologies",98825000,0.0306
"Soma Capital, Great Oaks Ventures, 122 West Ventures",97995000,0.0303
"Tolaram Inc, Mountain Pine Capital",97995000,0.0303
"S. Xavier Britto",97995000,0.0303
"Ventureast, Endiya Partners, Eight Roads Ventures, F-Prime Capital Partners",97995000,0.0303
"Arihant Patni, RAAY Global Investments",98042400,0.0303
"Mumbai Angels",97150000,0.0300
"Lashit Sanghvi, Nikhil Vora, Venkat Vardhan,Mohammed Bin Abdul Rehman Al Khalifa,Â  Ralph Berezan, Vissal Mathew,Â  Balamurali Krishna",96120000,0.0297
"Michael & Susan Dell Foundation, Unitus Seed Fund",96120000,0.0297
"Ashok Agarwal",96120000,0.0297
"Sameer Koticha",96120000,0.0297
"Michael & Susan Dell Foundation, Pearson Learning Fund",96120000,0.0297
"Infuse Ventures",95544000,0.0295
"Lakshmi Vilas Bank & undisclosed HNIs",93800000,0.0290
"Nandan Nilekani, Accel Partners",93800000,0.0290
"Unilazer Fund,Â  Phanindra Sama, Peyush Bansal",93800000,0.0290
"Venture Catalysts",92965000,0.0287
"Manish Kheterpal, Alok Mittal,Â  Puneet Dalmia,",92916000,0.0287
"Times Internet, GVFL",91462000,0.0283
"Infina Finance Pvt. Ltd, Uday Kotak",90450000,0.0280
"IDG Ventures, Blume Ventures, Saha Fund,",88195500,0.0273
"IDG Ventures, Endiya Partners",88195500,0.0273
"Max Levchin, Scott Banister",87100000,0.0269
"Orios Venture Partners, Zishaan Hayath",83304000,0.0258
"Rebright Partners, Ankush Nijhawan, Gaurav Bhatnagar, Manish Dhingra",83304000,0.0258
"Accel Partners, Traxcn Labs & Others",83304000,0.0258
Rainmatter,81037690,0.0251
"SQue Capital, Grace Capital Ventures, Soham Vencaps",80400000,0.0249
"The Chennai Angels",80601000,0.0249
"Kiran Mazumdar-Shaw, Unitus Seed Fund",80400000,0.0249
"SAIF Partners, Aprameya Radhakrishnan, Phanindra Sama, Subba Rao Telidevara, Vibhu Garg, Paula Ravindra Mariwala, Gaurav Bhalotia",80400000,0.0249
"Rebright Partners, Anand Rajaraman, Venky Harinarayan",80400000,0.0249
"Stellaris Venture Partners,",78396000,0.0242
"Atul Nishar",78396000,0.0242
"pi Ventures, Blume Ventures",78396000,0.0242
Unilazer,76896000,0.0238
"Kris Gopalakrishnan & Others",76896000,0.0238
"Unitus Seed Fund, Bijou Kurien, Narayan Ramachandran",76896000,0.0238
"M&S Partners",76896000,0.0238
"Abhishek Gupta",76896000,0.0238
"Orios Venture Partners, Mayfield India",76896000,0.0238
"Saama Capital, Raghunandan G, Aprameya Radhakrishna",73700000,0.0228
"Accel Partners, Subrata Mitra, Larry Braitman, Venk Krishna",73692000,0.0228
"IDG ventures, Axilor Ventures, Emergent Ventures, Indian Angel Network",71863000,0.0222
"Indian Angel Network (IAN), BEENEXT, The Chennai Angels, Sunil Munjal",71863000,0.0222
"Plug and Play Tech Center, Steelhead Ventures & Others",71690000,0.0222
"Helion Venture Partners, BeeNext",70350000,0.0218
"ah! Ventures, 500 Startups & Other HNIs",70488000,0.0218
"NB Ventures",67000000,0.0207
"Axilor Ventures",67000000,0.0207
"Aavishkaar Venture Management",67000000,0.0207
"YourNest Angel Fund, iSON",67000000,0.0207
"Omnivore Capital",67000000,0.0207
"Silver Range Investments, Lumina Datamatics, Shun Yoshida & Others",67000000,0.0207
"Vijay Shekhar Sharma, Pravin Gandhi,Â  Smart Start Fund; Kunal Shah,Â  Sandeep Tandon, Vishal Gondal, & Others",67000000,0.0207
"Mayank Shah, Shreyans Shah",67000000,0.0207
"hooting Starts Sports LLP, Franchise India Brands",67000000,0.0207
"Karanpal Singh & Others",67000000,0.0207
"Swastika Co Ltd.",67000000,0.0207
"Endiya Partners",67000000,0.0207
"Binny Bansal, Anupam Mittal, Sachin Bhatia, Darius Pandole, Kunal Khattar, Dheerag Jain",67000000,0.0207
"Blume Ventures, Sachin Bansal, Vijay Shekhar Sharma, Binny Bansal,Â  Kunal Shah, Sandeep Tandon, Ashish Tulsian",67000000,0.0207
"Undisclosed HNI investors",67000000,0.0207
"YourNest Angel FundÂ  & Others",67000000,0.0207
"Nihon Kotsu Co",67000000,0.0207
"Sarath Sura",67000000,0.0207
"Saama Capital, Blume Ventures & Vaibhav Domkundwar",67000000,0.0207
"S Chand, AdvantEdge Partners",67000000,0.0207
"DTDC Express Ltd",67000000,0.0207
"Kris Gopalakrishnan, Dr. Ranjan Pai",67000000,0.0207
"Pravin Khandelwal, Yatin Kumar Jain",67000000,0.0207
"Mount Nathan Advisors",67000000,0.0207
"Blinc Advisors, Amit Nanavati, Tashwinder Singh, Taranjit Jaswal, Amit Khanna",67000000,0.0207
"YourNest Angel Fund,",67000000,0.0207
"PurpleTalk Inc",67000000,0.0207
"Mohit Goel",67000000,0.0207
"S Chand and Co Pvt Ltd, Blume Ventures",67000000,0.0207
"Dunamis Ventures Pte Ltd.",67000000,0.0207
"Saha Fund, TV Mohandas Pai, Zia Mody, Mumbai Angels, Ananda Kallugadde, Rakesh Desai, Rakesh Malhotra",67000000,0.0207
"Alok Rawat, Grey Orange Robotics",67000000,0.0207
"Sunil Mehta",67000000,0.0207
"GrowX Ventures, Kunal Shah, Sandeep Tandon, Haresh Chawla, Powai Lake Ventures, Globevestor",67000000,0.0207
"Nitin Bagmane & Other undisclosed investors",67000000,0.0207
"Arjun Handa, Amit Jindal, Nagendra Chaudhary",67000000,0.0207
"TV Mohandas Pai, LetsVenture",67000000,0.0207
"Un disclosed investors",67000000,0.0207
"Indian Angel Network, Stanford Angels, Entrepreneurs India",65540000,0.0203
"Reliance Corporate Advisory Services Ltd",65330000,0.0202
BCCL,65330000,0.0202
"India Quotient, Shunwei Capital",65330000,0.0202
"Blume Ventures, Indian Angel Network, Kunal Shah, Sandeep Tandon",65330000,0.0202
"Harsh Mahajan, Farhan Naqvi, Sreepathy Viswanathan",65330000,0.0202
"Venture Catalysts, Alfa Capital, Green Shots Capital, Real Time Ventures",65330000,0.0202
"Nexus Venture Partners, Mekin Maheshwari",65330000,0.0202
"Abhinav Bindra, Gaurav Marya",65330000,0.0202
"Ajay Relan, LetsVenture",65330000,0.0202
"Ayesha Takia Azmi, Abu Farhan Azmi",65330000,0.0202
"Dheeraj Pandey, Rajesh Yohannan, Akash Garg",65330000,0.0202
"Ravi Garikipati, Surot Chatterjee, Ashish Agrawal, LG Chandrasekhar, Sashi Reddi",65330000,0.0202
"IDFC Parampara Early Stage Opportunities Fund",65330000,0.0202
"Earlsfield Capital",65330000,0.0202
"Brand Capital, Paragon Trust",65330000,0.0202
"Singularity Ventures",65330000,0.0202
"Omnivore Partners",65057000,0.0201
"Unitus Seed Fund",64990000,0.0201
"Anand Sankeshwar, Yang Shu",64521000,0.0200
GirnarSoft,64080000,0.0198
"Rajan Anandan, Zoya Akhtar, Reema Kagati, Ruchi Narain, Amrish Kumar, Hrishikesh Parandekar",64080000,0.0198
"Medi Assist",64080000,0.0198
"Blume Ventures, Flipkart",64080000,0.0198
"Sharad Hegde, Girish Reddy, Siddharth Patil, Shrikant Patil",64080000,0.0198
"Info Edge",64080000,0.0198
"IDG Ventures, M & S partners, Powerhouse Ventures (USA).",64080000,0.0198
"DSG consumer Partners, Paragon Partners",64080000,0.0198
"Seedfund, Bedrock Ventures",64080000,0.0198
"Mumbai Angels, Mayank Bhangdia, Kae Capital",64080000,0.0198
"Group of HNI investors",64080000,0.0198
"Anil Matai, Vikram Tandon, Shyam Sundar R & others",64080000,0.0198
"Kanwaljit Singh, TV Mohandas Pai",64080000,0.0198
"ah! Ventures, Viktor Koenig PE Fund, Mantra Ventures",64080000,0.0198
"Reliance Capital Venture",64080000,0.0198
"NEA, Milliways Ventures, Naya Ventures",64080000,0.0198
"GrowX ventures, Tracxn Labs, Powai Lake Ventures, and Sahil Barua",64080000,0.0198
"The Chennai Angels, IDG Ventures India",64080000,0.0198
"Gokul Jaykrishna, Brand Capital",64080000,0.0198
"Mumbai Angels, Vriddhi Fund, Others",64080000,0.0198
"Sandeep Parwal, Krishan Gupta & Others",64080000,0.0198
"Ventureworks India, Blume Ventures, Batlivala & Karani Securities, Nikunj Jhaveri",64080000,0.0198
AngelPrime,64080000,0.0198
"Holostik Group, YouWeCan Ventures, 500 Startups, Vijay Shekhar Sharma, Manish Kheterpal, Amit Patni",64080000,0.0198
"Mape Advisory",64080000,0.0198
"S.Gopalakrishnan, Beenos",64080000,0.0198
"Peesh Venture Capital",64080000,0.0198
"Astarc Ventures",64080000,0.0198
"Rakesh Mathur, Vikas Taneja & others",64080000,0.0198
"Oliphans Capital, Haresh Chawla",64080000,0.0198
"Bessemer Ventures, Blume Ventures",64080000,0.0198
"Michael and Susan Dell Foundation",60300000,0.0186
"Group of Angel investors",60235200,0.0186
"Paul Roy",59630000,0.0184
"Reliance Capital",57672000,0.0178
"Helion Venture Partner, Powerhouse Ventures, GSF and Other angel investors",57672000,0.0178
"YourNest Angel Fund",56950000,0.0176
"Narottam Thudi, Shireesh Palle",55530500,0.0172
"K2 Capital",53897250,0.0167
"BlackSoil Capital Pvt Ltd",52264000,0.0162
"Menterra Social Impact Fund, Unitus Seed Fund",52264000,0.0162
"Swarnim Multiventures",51264000,0.0159
"Artha India Ventures, Singularity Holdings, Rajan Anandan, Girish Mathrubootham",50696080,0.0157
"Ramesh Jogani, Shailesh Viswanathan, Jay Srinivasan",50302800,0.0156
"Next Orbit Ventures Fund",50250000,0.0155
"Aarin Capital, Michael Herzig, Ashish Lakhanpal",50250000,0.0155
"Prime Venture Partners,",50250000,0.0155
"Lalitesh Katragadda,Â  Ganayantrika Systems",50250000,0.0155
"Ankur Gupta",50250000,0.0155
"DSG Consumer Partners",49812200,0.0154
"Currae Healthtech Fund, Unicorn India Ventures",49915000,0.0154
"500 Startups, TV Mohandas Pai, Tandem Capital, Vikram Chachra, Aloke Bajpai",49341600,0.0153
"Quintillion Media, 500 Startups",49341600,0.0153
"YourNest Angel Fund, Venture Nursery",48060000,0.0149
"1Crowd, Eureka Forbes Ltd, Shapoorji Pallonji & Co. Ltd.",46900000,0.0145
"ah! Ventures",46170000,0.0143
"Kae Capital, M&S Partners,",45731000,0.0141
"Rainbow Digital Services Pvt. Ltd, ILearnFinance Academy Pvt. Ltd.",45731000,0.0141
"SeedPlus, Infocomm Investments, Accel Partners RNT Associates",45225000,0.0140
"CareerNet Consulting Pvt. Ltd, Ideation Initiative Pvt. Ltd,",44890000,0.0139
"Uniqorn ventures, ASP Consulting",44856000,0.0139
"Chennai Angels, Calcutta Angels, ah! Ventures, Intellecap Impact Investment Network, Indus Age Partners, Singapore Angel Network, India Internet Fund, LetsVenture",44856000,0.0139
"Pradyumna Dalmia, Sudhir Rao & Others",44856000,0.0139
"LetsVenture, Kumar Bansal, Kshitij Jain",43894800,0.0136
"Kae Capital, Khosla Impact",43550000,0.0135
"Aspada Investment Advisors, Blume Ventures.",43550000,0.0135
"WaterBridge Ventures",42464500,0.0131
"Kstart Capital",42464500,0.0131
"Mumbai Angels Network, Fireside Ventures, Singapore Angel Network",42464500,0.0131
"Kunal Bajaj, Chandru Badrinarayanan",41652000,0.0129
"Atul Jalan, Shrikanth & Bharath",41011200,0.0127
"YouWeCan Ventures",40370400,0.0125
"Gaurav Kachru, Sundeep Singh Sahni, Jatin Aneja, Arun Malhotra",40504600,0.0125
"Bessemer Ventures, Kae Capital",40370400,0.0125
"IDG Ventures, Axilor Ventures",40200000,0.0124
"Noshir Kaka, Subramanian Ramadorai, Kiran Deshpande, Pankaj Gupta, Ravi Nigam & Others",40200000,0.0124
"Tracxn Labs, Hyderabad Angels, Kunal Shah, Gaurav Bhalotia",40200000,0.0124
"Blume Ventures & Other unnamed Investors",40200000,0.0124
"Indian Angel Network, Tracxn Labs & Others",40200000,0.0124
"Kae Capital, Anoop Goyal, Mike Shah, VA Sastry",40050000,0.0124
LetsVenture,39908000,0.0123
"Abhishek Agarwal, Krishnakumar Nataraj, Sarath Sura, Shanti Mohan, Sarthak and Nihit Agarwal, Suramya Gupta",39865000,0.0123
"ABI-Showatech (India) Ltd",39198000,0.0121
"SQue Capital",39198000,0.0121
1Crowd,39198000,0.0121
"Undisclosed private investors",38740000,0.0120
"Sashi Reddi, Gabriel Investments",38448000,0.0119
"Lensbridge Capital, Mape Advisory Group, Fireside Ventures",38448000,0.0119
"Gordon and Betty Moore Foundation",38448000,0.0119
"Raghav Bahl, Ritu Kapur",38448000,0.0119
"High Networth Individuals (No details)",38448000,0.0119
"ah! Ventures, Times Internet, Rudy Gopalakrishnan",38448000,0.0119
"LionRock Capital",38448000,0.0119
"Undisclosed Ex Mckinsey Directors and Partners",36850000,0.0114
"GrowthStory, Apurva Salapuria, Hitesh Oberoi, Sidharth Pansari, Nirupa Shankar",36850000,0.0114
"Brigade Innovations LLP, TV Mohandas Pai, Suhail Rahman, Bobby Reddy, M George Oommen",35278200,0.0109
"Rishi Vasudev, Amit Gupta, Rajiv Nayan",35244000,0.0109
"Idein Ventures",34840000,0.0108
"Ravi Krishnamurthy",33962400,0.0105
"Eros Labs",33500000,0.0104
"Indian Angel Network, Letâ€™s Venture",33500000,0.0104
"TVS Group",33500000,0.0104
"Nitin Passi, Manickam Mahalingam, Udaan Angels, Rajesh Arora, Arkas Industries",33500000,0.0104
"Existing Investors",33500000,0.0104
"Anupam Mittal, Sharad Sharma & 14 others",33500000,0.0104
"Powerhouse Ventures, M&S Partners",33500000,0.0104
"Mohit Lalvani",33500000,0.0104
Instalabs,33500000,0.0104
"Zaffiro Ventures",33500000,0.0104
"Kae Capital, Kunal Shah, Sandeep Tandon",33500000,0.0104
"CIO Angel Network, Indian Angel Network",33500000,0.0104
"EVC Ventures",33500000,0.0104
"Blume Ventures, Rajan Anandan, Sumit Jain, Aprameya Radhakrishna, Sujeet Kumar, Phanindra Sama",33500000,0.0104
"Chatsworth Management, ITW Digital",33500000,0.0104
Ninestarter,33500000,0.0104
"RB Investments, Fundnel",33500000,0.0104
"Ruchirans Jaipuria, Anuj Sanghi",33500000,0.0104
"Rebright Partners, Sol Primero, Sudhir Anandarao, Ankur Warikoo, Ankur Singla",33500000,0.0104
"Broadbean Capital services",33500000,0.0104
"Jay Vijayan",33500000,0.0104
"Blume Ventures,Â  Tracxn Labs",33500000,0.0104
"Rob Chandra",33500000,0.0104
"Unicorn India Ventures",32830000,0.0102
"Kunal Shah, LetsVenture, Anupam Mittal, Hetal Sonpal",32665000,0.0101
"Unicorn India Ventures, Venky Krishnakumar, Suresh Shankar, Vivek Bhargava",32665000,0.0101
"Mekin Maheshwari, Bharat Vijay, Krish Seshadri, Amar Arsikere",32665000,0.0101
Rocketship,32665000,0.0101
"JLL, 1Crowd",32665000,0.0101
"Keyur Joshi, Pavan Bakeri",32665000,0.0101
"Koen Bouwers, Lomesh Agarwal, Jeroen Mensen, Pablo van den Bosch & Others",32665000,0.0101
"Deepak Gurnani",32665000,0.0101
"Al Dhaheri family",32665000,0.0101
"Indochine International",32665000,0.0101
"growX ventures",32040000,0.0099
"Aarin Capital Partners, TV Mohandas Pai",32040000,0.0099
"Rishi Parti, BrahmaX Ventures",32040000,0.0099
"Dheeraj Jain & Others",32040000,0.0099
"Rajan Anandan, Mike Galgon, Ravi Gururaj, Ashim Mehra,Â  Mohit Saxena, Internet Group, TNN Capital and others",32040000,0.0099
"Mount Nathan Advisors Pte Ltd",32040000,0.0099
"Karnataka Semiconductor Venture Capital firm",32040000,0.0099
"Satyen Kothari, Keshav Sanghi, Riddhesh Gandhi & Others",32040000,0.0099
"Ashvin Chadha, Avtar Monga, Udaan Angels, Dheeraj Jain",32040000,0.0099
"BedRock Ventures, Rajesh Sawhney, Shailesh Singh",32040000,0.0099
"Ravi Gururaj, Gaurav Sharma, Viswanath Ramachandran, RippleWave",32040000,0.0099
"Wealth First, Ashneer Grover, Atul Phadnis",32040000,0.0099
"Nihon Kotsu,",32040000,0.0099
"Amit Ranjan, Vijay Shekhar Sharma, Kunal Bahl, Girish Mathrubootham &Â  Group of other Angel investors",32040000,0.0099
"Orios Venture Partners, Amit Ranjan & others",32040000,0.0099
"Tamarind Family Private Trust",32040000,0.0099
"Jai Choi, Kiyohiro Sugashita, Hirokazu",32040000,0.0099
"Kae Capital, Anupam Mittal",32040000,0.0099
"Srinivas Tirupati",32040000,0.0099
"i2india Pvt Ltd",32040000,0.0099
"Mahesh Pratapneni, Pallab Chatterjee & others",32040000,0.0099
"Mercury Fund, Anshu Sharma, Pratyush Prasanna, Robert Winters & others",32040000,0.0099
"Sandiep Shrivatsava",32040000,0.0099
"i2india Ventures",32040000,0.0099
"The HR Fund",32040000,0.0099
"Hyderabad Angels, Singapore Angel Network, Ness Wadia",31399200,0.0097
"Venture Catalysts, Sourav Ganguly, Ankit Aditya, Moksh Sports Ventures",30313120,0.0094
"Infibeam, CCavenue",30443780,0.0094
"Mahindra Holidays & Resorts India Ltd",30150000,0.0093
"Virendra Patel",30150000,0.0093
"havya Sharma, Amit Nagar",30150000,0.0093
"Augment Ventures, Rahul Kayan, Nikhil Golcha, Shubham Gupta, Roy Kwan",30016000,0.0093
"Keiretsu Forum",30150000,0.0093
"Sreenivasa Reddy Musani",30016000,0.0093
"Roopak Saluja, Vishal Khare",30150000,0.0093
"Mirah Hospitality",30117600,0.0093
"Subhash Goyal",30117600,0.0093
"Umang Kumar",29815000,0.0092
"Batlivala & Karani Securities, Venture Works",29398500,0.0091
"Venk Krishnan, MJ Aravind, Vikram Kotak, Jayant Davar,Â  Ramkumar Nishtal, Arjun Sharmaa",29480000,0.0091
"Menterra Social Impact Fund",29480000,0.0091
"Hyderabad Angels, M&S Partners",29476800,0.0091
"Blume Ventures, Girish Mathrubootham, Aprameya Radhakrishna",28745200,0.0089
"India Quotient and others",28810530,0.0089
"Amit Singhal, PK Gulati & others",28836000,0.0089
"Oliphans Capital",28836000,0.0089
"Rebright Partners",28475000,0.0088
"Bitkemy Ventures",26800000,0.0083
Grex.in,26800000,0.0083
"Dheeraj Jain & Other angel investors",26800000,0.0083
"Alok Mittal, Amit Gupta, Anuj Srivastava, Himanshu Aggarwal, Raghunandan G, Puneet Agarwal",26800000,0.0083
"Green House Ventures (GHV)",26800000,0.0083
"Purvi Ventures & Others",26800000,0.0083
"Varun Aggarwal, Suresh Venkat, Raj Y",26800000,0.0083
"Pravega Ventures",26132000,0.0081
"Aprameya Radhakrishna, Deepak Natraj, Girish Mathrubootham, Mahesh Murthy, Pallav Nadhani, Pavan Ongole, Sandeep Mathur, Vijay Shekhar Sharma & Others",26132000,0.0081
"Viraj Tyagi & Others",26216000,0.0081
"Swastika Company Ltd",25460000,0.0079
"Phanindra Sama, Aprameya Radhakrishna, Aneesh Reddy, Neeraj Jawalkar, Sanjay Anandaram, Pavan Ongole, Venk Krishnan",25632000,0.0079
"Oswal Techno Ventures LLP",25632000,0.0079
"Bhavdeep Reddy",25632000,0.0079
"500 Startups, Smile Multimedia, Kunal Bahl, Rohit Bansal, Girish Matrubootham",25632000,0.0079
"Mohandas Pai & others",25632000,0.0079
"Ajmera Group of Companies",25632000,0.0079
"India Quotient, LetsVenture investors, Lead Angels",25632000,0.0079
"Naveen Tiwari, Mohit Saxena, Amit Gupta, Piyush Shah, Manish Dugar",25632000,0.0079
"Ah! Ventures, Calcutta Angels,Â  91SpringBoard",25632000,0.0079
"Swan Angel Network,Sachin Khandelwal and others",25125000,0.0078
"Group of undisclosed Angel Investors & HNIs",25125000,0.0078
"Powai Lake Ventures, Ajeet Khurana & others",25311600,0.0078
"Ojas Ventures",24956060,0.0077
"Anupam Mittal, Amit Gupta, Utsav Somani, Neeraj Goenka, Farooq Adam Mukadam",24790000,0.0077
"Chandigarh Angels, Ashish Gupta, Rohit, Ashish Chand, Sunil Singh & Others",24498750,0.0076
Quarizon,24455000,0.0076
"Carpediem Capital & Others",24656000,0.0076
"Riqueza Capital",24670800,0.0076
"Pix Vine Capital, Infocomm Development Authority of Singapore",24120000,0.0075
"TV Mohandas Pai, V Balakrishnan, PV Srinivasan",23910780,0.0074
"Anglian Omega Network",23450000,0.0073
"KWAN Entertainment & Marketing Solutions, Powerhouse Ventures & Others",23450000,0.0073
"Qualcomm (Through QPrize Contest)",23450000,0.0073
"Mohan Alexander, R. Natarajan, Vikrant Varshney, Amit Sinha",22865500,0.0071
"Quake Capital",22865500,0.0071
"Ashish Todi, Abhinav Patodia, Kumar Shwetabh",22428000,0.0069
"Sachin Bansal & Binny Bansal, Sol Primero, Outbox Ventures, Sangram Singh",22428000,0.0069
"Uniqorn Ventures",22428000,0.0069
"Group of 15 Angel Investors",22428000,0.0069
"Mumbai Angels & Other angel investors",22428000,0.0069
"Arihant Patni, Vishal Khare,Â  Viswanath Ramachandran",22428000,0.0069
"S S Mukherji & Others",22428000,0.0069
"BitChemy Ventures, Maheshwari Investments Pvt Ltd, Anshoo Gaur, Rama Krishna Reddy, Sandeep Seerapu",22110000,0.0068
"Mohit Joshi & Others",21558900,0.0067
Taxmann,21708000,0.0067
"Ankit Gupta, Puneet Motihar",21232250,0.0066
"Earlsfield Capital, Sailender Solanki, Rajiv Solanki",21105000,0.0065
"The Chennai Angels, Anthill Scale Ventures, Esvee Technologies Inc, Inc95 Consulting",20317630,0.0063
"mall Industries Development Bank of India (SIDBI)",20252300,0.0063
"Jayant Bokadia",20505600,0.0063
"Swastika Investmart Ltd",19899000,0.0062
"Kaushal Agarwal, Harminder Sahani, KK Mehra, Pranay Jivrajka, Navjot Saini",20100000,0.0062
"Hemant Sahni",20100000,0.0062
"Janak Jain",20100000,0.0062
"Pradeep Mirani, Aqeel Ahmed, Anand Ladsariya, Nitin Agarwal",20100000,0.0062
"Lothal Angel Ventures",19966000,0.0062
"Kirthiga Reddy, Renuka Ramanath,Cherry Tin",19899000,0.0062
"Prashant Puri",20100000,0.0062
"Indian Angel Network,",20100000,0.0062
"Rajul Garg, Daljit Singh, Aditya Vij, Kishore Kumar, Shuchin Bajaj",20100000,0.0062
"Vaibhav Doshi, Abhay Singhal, Vibhu Garg, Joby Babu, Abhishek Acharya, Manish Shah",20100000,0.0062
"Farooq Oomerbhoy & Other angel investors",20100000,0.0062
"Nanadan Nilekani, InMobi, Paytm",20185200,0.0062
"Pawan Borle, Nirmal Singh, Manish Prasad, Vineet Varma, Nick Haulkoury, Abhai S. Rao",19599000,0.0061
91maker.com,19599000,0.0061
"Mahalingam K, Girish Mathrubootham",19599000,0.0061
"V Aanand R",19599000,0.0061
"Sanjeev Sinha",19765000,0.0061
"Vikas Agarwal, Vishal Khare, Sanjeev Kakkar, Smile Group",19864800,0.0061
"Kunal Bahl, Rohit Bansal, Zishaan Hayath, Prashant Malik",19864800,0.0061
vCommission,19363000,0.0060
"Collaborative Licensing Ventures LLP",19416240,0.0060
"Ram Kumar Kakani, Pradeep K Jaisingh, Sunil T V, Vijay Ghadge, Hemant Kaul, Gurmeet Chahal & Others",19544400,0.0060
"GHV Accelerator",19224000,0.0059
"Enablers platform",19224000,0.0059
"Kemark Ventures, Amit Ranjan, Zishaan Hayath and Others",19224000,0.0059
"Payal Syal",19224000,0.0059
"Asha Jadeja Motwani & Others",19224000,0.0059
"The 1947",19224000,0.0059
"Manish Singhal, P39 Capital & Others",19224000,0.0059
"Ritesh Veera, Singapore Angel Network, Orios Venture Partners,",19224000,0.0059
"Ajay Relan,",19224000,0.0059
"Bhupen Shah, Jayesh Parekh, Sanjay Sathe",17965750,0.0056
"Phanindra Sama, Jay Sethuram, Hemant Kanakia, Ravi Trivedi",17301600,0.0054
"Anand Chandrasekaran, Ananth Narayanan, Mekin Maheshwari, Ravi Garikipati, Divyesh Shah, Swastika Company Ltd",16750000,0.0052
"Gaurav Singhvi, Zaffiro Ventures",16750000,0.0052
"GEMS group",16750000,0.0052
"Green House Ventures Accelerator",16750000,0.0052
"Manish Kheterpal, Vinay Mittal, Dinesh Mittal, Sandeep Gupta",16750000,0.0052
"Dr. Sridhar Ramaswamy, Rakesh Mathur",16750000,0.0052
"Unicorn Ventures",16750000,0.0052
"Alex Kuruvilla, Pradeep Guha, Saket Dhankar, Rajan Pandhare",16750000,0.0052
"Zishaan Hayath, Abhishek Goyal, Arjun and Rohan Malhotra, Harpreet Singh Grover, Gagan Dugal",16750000,0.0052
"Krishna Jhujhunwala, Dr. Apoorv Ranjan Sharma, Anirudh Damani, Anand Ladsariya, Sanjay Mehta & Others",16750000,0.0052
"Equity Crest, Vinners, Sparknext",16750000,0.0052
"Purvi Capital",16660800,0.0052
"Dr Ramesh Ayyala, Satya Muthyala",16332500,0.0051
"Chennai Angels",16020000,0.0050
"Ajeet Khurana Jinesh Shah, Vikram Chachra, Dr. Aniruddha Malpani",16020000,0.0050
Swastika,16020000,0.0050
"ID Enablers Pvt Ltd",16020000,0.0050
"QPrize from Qualcomm Ventures",16020000,0.0050
"Girish Mathrubootham, Phanindra Sama, Vikram Chachra, Others from LetsVenture",16020000,0.0050
"Virendra Shahney, Dr Paresh Doshi",16020000,0.0050
"M&S Partners Pte. Ltd",16020000,0.0050
"Cross Border Angels & others",16020000,0.0050
"Arun Tadanki, Aditya Verma",16005850,0.0049
"Gujarat based angel investors, MMY co-Founder",15699600,0.0049
"Sol Primero, Outbox Ventures, Nikunj Jain",15379200,0.0048
"Bodhtree Consulting Limited",15156560,0.0047
"Unicorn Venture",15075000,0.0047
"Aarin Capital",14740000,0.0046
"Hari Krishna, Ajay Modani, Dr V Ravinder, Anirudh Rastogi, Abhishek Jain, Rakesh Gakhar, Rajeev Mudumba, Nagendra Prasad Bhanuprakash",14981736,0.0046
GREX,14738400,0.0046
"Purvi Ventures, Rajul Garg, Vipin Arora",14070000,0.0044
"Nalin Jain & other angel investors",14097600,0.0044
iBhubs,14045950,0.0043
"1Crowd (through crowdfunding)",14003000,0.0043
"50K Ventures",13400000,0.0041
"Kedar Lele, GHV Accelerator",13400000,0.0041
"Dileep Bhatt, Milind Chaudhary",13400000,0.0041
"Dheeraj Jain, Palash Jain, Anupam Mittal, Ameera Shah,Â  Vivek Bhargava, Rahul Singh, Ambarish Gupta,",13400000,0.0041
"Mudit Saxena, Evan Lim",13400000,0.0041
"1Crowd (through crowd funding)",13400000,0.0041
"Outbox Ventures, Jaspreet Bindra, Arjun Malhotra, Rohan Malhotra, Sidharth Rao, Rakesh Agrawal",13400000,0.0041
"Deepak Gupta",13400000,0.0041
"BlackJag Partners",13400000,0.0041
"Rohan Angrish, Hrishi Oberoi, Rahul Mehta, Kapil Hetamsaria, Pranav Dedhia",13400000,0.0041
"Anirudh Damani, Vikram Lakhotia",13400000,0.0041
"Rattan Chadha",13400000,0.0041
"Lion Ventures",13400000,0.0041
"Varun Khurana, Samar Singla, Vinay Bansal,",13400000,0.0041
"Kanpur Angels & Others",13400000,0.0041
"Nalin Jain, Shomil Pant, Dinesh Kundu & others",13136400,0.0041
"Subramani Somasundaram, Sundeep Sahni, Mayank Mittal & Others",13066000,0.0040
"Indian Angel Network, Anand Mahindra",13066000,0.0040
"Sujeet Kumar, Bhupender Singh, Yashish Dhaiya",13066000,0.0040
"Prashanth Ranganathan",12816000,0.0040
"Prahlad Rao, Sundara Rajan, Vikram Chachra",12816000,0.0040
"Amit Gupta, Sahil Barua, Mukul Singhal, Tracxn Labs",12816000,0.0040
"Rimpal Chawla, Anuj Srivastava",12816000,0.0040
"S Chand and Co Pvt Ltd",12816000,0.0040
"Green House Ventures",12816000,0.0040
"Manipal Group",12816000,0.0040
"Rudy Gopalakrishnan, ah! Ventures",12816000,0.0040
"Ajai Chowdhry, Ashvin Chadha, Yogesh Bansal,Nitin Singhal & Others",12816000,0.0040
"Ravi Saxena, Sandeep Raju,",12478030,0.0039
"TermSheet, ah! Ventures",12395000,0.0038
"Sean Oâ€™Sullivan & Others",12175200,0.0038
"Now Capital",12060000,0.0037
"Shruth & Smith Group, Hermes Group",12060000,0.0037
"Chandrashekar Tallapragada, Pankaj Kapoor",12060000,0.0037
"Astarc Ventures, 50K Ventures & others",11534400,0.0036
"Tim Chen, Sanjay Venkat",11534400,0.0036
"Nibhrant Shah, Anandbir Singh, Anirudh Sheth, Pratik Singhi, Vikram Mehta, Murali Nair",11432750,0.0035
"Yajnanarayana Kammaje",10720000,0.0033
"Kunal Bahl, Rohit Bansal",10765440,0.0033
"Elliot Stechman, Gautam Sinha, Ambarish Ray",10765440,0.0033
"Amit Tyagi, Sandeep Acharya & others",10573200,0.0033
"Hyderabad based investor",10573200,0.0033
"Intellecap Impact Investment Network, family office fund",10252800,0.0032
"Equentia Natural Resources",10252800,0.0032
"Rajan Anandan, Kunal Bahl, Rohit Bansal, Rahul Khanna",10316880,0.0032
"Malini Patel, Stelcore Management Services, Anjani Prasad",10126150,0.0031
"Lead Angels Network, Anbu Pandian, Prabhakar MR & Others",10050000,0.0031
"Ameera Shah, Vivek Bhargava",10050000,0.0031
"Vijay Shekhar Sharma",10050000,0.0031
"Shekhar Sahu, Nitesh Pant",10050000,0.0031
"Newbie Promoters",10050000,0.0031
"Dr. Rameshwar Kumar",10050000,0.0031
"Balasubramanian Krishnamurthy, Sidhartha Hazarika & Others",10050000,0.0031
"Swan Angel Network",10050000,0.0031
"Rajasthan Angel Investor Network & Others",9983000,0.0031
"Rahul Kirloskar, Fusion Tech Ventures, Adi Saravanan, Pravin Dongre, Mahendra Doshi",10050000,0.0031
"GROUPE SOS",10050000,0.0031
"Dr. Aniruddha Malpani",10050000,0.0031
"Funding through 1Crowd platform",10050000,0.0031
"Bharanidharan Viswanathan, Sanjiv Mittal, Shobhit Shukla, Rahul Agarwal",10050000,0.0031
"Bhanu Vikram Parsotam, Rohan Desai and Paras Patel",10050000,0.0031
"Rajan Anandan, L.D Sharma, Saurabh Arora",9799500,0.0030
"Aneesh Seth, Tushar Mittal",9799500,0.0030
"Ajith Nair, Anish K",9603510,0.0030
"Vivek Bhargava, Ameera Shah",9849000,0.0030
"Undisclosed multiple investors",9849000,0.0030
"Ankush Mehta",9715000,0.0030
"Kapil Goel",9715000,0.0030
"LetsVenture, Mohandas Pai",9612000,0.0030
"Mahavir Pratap Sharma",9612000,0.0030
"Varun Ahuja, Anubhav Verma",9612000,0.0030
"Vineel Nalla & Others",9612000,0.0030
"Jozef Bardik, Leo Wang Sangeeth Ram",9612000,0.0030
"High Networth Individuals (undisclosed)",9612000,0.0030
"R M Picture Company Pvt. Ltd.",9612000,0.0030
"Multiple investors",9612000,0.0030
"Rajan Anandan, Niraj Singh, Sachin Bhatia, Singapore Angel Network & Aseem Vadehra",9612000,0.0030
"Florida based Angel investor",9612000,0.0030
KCL,8971200,0.0028
"Jayabalan Subramanian",8375000,0.0026
"Rajesh Bhatia, Dheeraj Mehta & Others",8330400,0.0026
"GEMs Advisory, Quarizon",8241000,0.0025
"500 Startups",8010000,0.0025
"Y Combinator",7839600,0.0024
"Facebook FBStart",7839600,0.0024
"Group of Angel Investors from US/India",7689600,0.0024
"Rajesh Sawheny , Rajan Anandan, Amit Ranjan, Niraj Singh, AECAL, MeraEvents.",7689600,0.0024
"The Ten Minute Million",7088305,0.0022
"Ashutosh Lawania, Rajul Jain, Badal Malick, Rishi Gupta & Others",6968000,0.0022
"Rannvijay Singh, Anita Hassanandani",7236000,0.0022
"Raghu Khanna, Sameer Gupta",7048800,0.0022
"Sanjay Mehta & Others ( The Ten Minute Million)",6924980,0.0021
"Digital Financial Service Lab",6700000,0.0021
"Krishna Rokhale",6700000,0.0021
"HAX Accelerator",6700000,0.0021
"Lalit Vase",6700000,0.0021
"Ganesh Narasimhan, Ramana Thumu, Sudhir Mallem",6700000,0.0021
"Riju Gupta, Kamal Chabra",6700000,0.0021
"Katabole Technology Venture",6700000,0.0021
"Sudhir Mehta",6700000,0.0021
"Rajeev Agrawal, Prashant Gooty",6700000,0.0021
"Daman Soni, Rajat Gupta & Others",6700000,0.0021
"Devidas Desai, Vipul Gautam, Singapore Angel Network",6700000,0.0021
"Samir Bangara, Anisha Mittal, Amit Gupta, Pallav Nadhani, Lalit Mangal, Arihant Patni, Dr. Ritesh Malik, Deobrat Singh, Saurab Paruthi, Singapore Angel Network.",6700000,0.0021
"Newbie Promoter Pvt Ltd",6700000,0.0021
"Shiva Ashok & Other unnamed investors",6700000,0.0021
"Mohammed Khan, Sameer Narayan & Others",6533000,0.0020
"Philippe Bouchet",6533000,0.0020
"Vinod Martin, Evan Lim, Kanchan Ghoshal, Ram Kumar Kakani",6533000,0.0020
"Gopal Aggarwal",6408000,0.0020
"Anil Menon",6408000,0.0020
"Aarti Group",6408000,0.0020
"Alok Bajpai, Rajnish Kumar, Amit Dey",6408000,0.0020
"Tania Johny Palathinkal",6408000,0.0020
"Ashish Jhalani",6408000,0.0020
"Ajeet Khurana & Others",6408000,0.0020
"Jitendra Gupta & others",6408000,0.0020
"Sumit Gandhi, Manish Gandhi",6408000,0.0020
"Anand Vijay, Nipun Dureja, Satyajit Heeralal, Keith Rodricks, Gaurav Lochan, Azmul Haque, Nikhil Bagri",6408000,0.0020
"Devdeep Singh",6030000,0.0019
"Multiple investors through Ten Minute Million competition",6030000,0.0019
"Puneet Bhatia & others",5126400,0.0016
"Neha Vats, Gaurav Vats",5126400,0.0016
"Suyash Sharma",4934160,0.0015
"Unnamed investor",4934160,0.0015
"Satoshi Studios",3266500,0.0010
"Vinod Martin, Hemant Kaul, Prof. Ram Kumar Kakani & Others",3266500,0.0010
"Jitendra Gupta, Pankaj Tripathi",3350000,0.0010
"Harsh Vardhan Hada",3350000,0.0010
"Mukesh Kumar Gupta",3350000,0.0010
"Turning Ideas",3204000,0.0010
"A M Sikander",3015000,0.0009
"GBIM Technologies Pvt Ltd",3015000,0.0009
"Facebook FB Start programme",2613200,0.0008
"Swastika Company Ltd.",2680000,0.0008
"Mahendra Patel, Nilender Chauhan",2680000,0.0008
"SaÃ¯d Business School Seed Fund.",2680000,0.0008
"National Science and Technology Entrepreneurship Development Board",1959900,0.0006
"Promatus Group",1809000,0.0006
"Viridian Capital",2010000,0.0006
"Naveen Gupta",2010000,0.0006
"Ingram Content Group",2010000,0.0006
"Oranda Global & Others",2010000,0.0006
"Not Disclosed",1281600,0.0004
"Triton Investment Advisors",0,0.0000
"Kashyap Deorah, Anand Sankeshwar, Deepak Jain, Sadashiva NT, Arjun Mehta, Satish Kaul, Anindya Ghose",0,0.0000
"Blume Ventures, Contrarian Capital India Partners, Emergent Ventures India, Pallav Nadhani, Ashish Gupta, Sharad Sharma, Sirion Labs",0,0.0000
"Sreeram Iyer, Suvo Sarkar, Anita Gupta, Likemind Ventures",0,0.0000
"Fireside Ventures, Apurva Salarpuria, Sidharth Pansari, Sprout Capital",0,0.0000
"Corvus Ventures, MAPE Advisory Group",0,0.0000
"500 Startups, Purvi Capital, Rajan Anandan, Abhishek Gupta",0,0.0000
"One97 Communication Ltd",0,0.0000
"Uber Technologies Inc, Amaya Capital LLP",0,0.0000
Xelpmoc,0,0.0000
"Francesco Cara",0,0.0000
"Harmeet Bajaj, Pameela P, Fusiontech Ventures & Others",0,0.0000
"Sunil Kalra, Aditya Singh, Rishi Srivastava, Rajan Anandan",0,0.0000
"Blume Ventures, NB Ventures, Nspira",0,0.0000
"Yuvraj Singh",0,0.0000
"Amen Dhyllon",0,0.0000
"Grace Grace Techno Ventures LLP, Rajul Garg & Other undisclosed investors",0,0.0000
"TVS Motor Company",0,0.0000
"blockchain ecosystem Global Advisors, Horseferry",0,0.0000
"Arun Patodia, Bharat Kedia",0,0.0000
"500 Startups, IvyCap Ventures",0,0.0000
"Sundaram Finance Holdings",0,0.0000
"SBI (Stand Up India Scheme)",0,0.0000
"Cao Yibin, Huang Wei, Madhusudan E,",0,0.0000
"Nexus Venture Partners, Founders Fund",0,0.0000
"Fairfax Holdings",0,0.0000
"RB Investments",0,0.0000
"Cross Border Angels & Experts, Rajasthan Angel Innovators Network, The Chennai Angels",0,0.0000
"BLIP Initiatives",0,0.0000
"Gujarat Venture Finance Ltd",0,0.0000
"Aparup Sengupta, Devendra Reddy,",0,0.0000
Zeta,0,0.0000
"Dutch government fund",0,0.0000
"Asuka Holdings, YouWeCan Ventures, Beenext, Beenos, M&S Partners",0,0.0000
"Nimit Panigrahi",0,0.0000
"Hinduja family",0,0.0000
"Indian Angels Network, LetsVenture",0,0.0000
"Deepak Nathani",0,0.0000
"Anand Chandrasekaran",0,0.0000
"Luxasia Group",0,0.0000
"GVFL, Unicorn India Ventures",0,0.0000
"Vellayan Subbiah, Jonathan Boutelle, Rajan Anandan,Â  Rahul Chawla, Salil Donde, Amit Ranjan, Govind Rajan & Others",0,0.0000
"Varsha Rao, Surojit Chatterjee, Nirav Choksi & Others",0,0.0000
"Chirag Nikunj Sheth & Others",0,0.0000
"Aakrit Vaish, Swapan Rajdev, Sushill Jiwarajka",0,0.0000
GEMs,0,0.0000
SAP,0,0.0000
"Dr. Ritesh Malik",0,0.0000
"Ankur Capital, Hyderabad Angels",0,0.0000
"Gokaldas Exports Ltd",0,0.0000
"Eagle10 Ventures",0,0.0000
"Ratan Tata, Nandan Nilekani, Uday Kotak, Vijay Shekhar Sharma, Kiran Mazumdar-Shaw, Rajiv C Mody",0,0.0000
"Lahiri Musicâ€™s family office",0,0.0000
"PV Sahad, Sandeep Shroff, Rahul Gupta",0,0.0000
"Rohitash Gupta",0,0.0000
"Unicorn India Ventures & Others",0,0.0000
"Deepak Kulkarni, Sandeep Pangal",0,0.0000
"FreakOut Group, Blume Ventures, Herb Madan, WaterBridge Ventures",0,0.0000
"YouWeCan Ventures,",0,0.0000
"Ishwar Singh,Farhaan Shabbir",0,0.0000
"Labruyere EberlÃ©",0,0.0000
"Sushil Kumar, Sandeep Singh",0,0.0000
"MAPE Advisory Group, R Ramaraj, Corvus Ventures",0,0.0000
"Z Nation Lab",0,0.0000
"Redcliffe Capital",0,0.0000
"Benori Ventures LLP",0,0.0000
"Jacqueline Fernandez",0,0.0000
"Village Capital",0,0.0000
"Ankit Nagori",0,0.0000
"pi Ventures, Axilor Ventures, 500 Startups, Binny Bansal",0,0.0000
"Times Internet,Matrix Partners",0,0.0000
"Orios Ventures Partners, Team Builder Ventures, Omidyar Networks",0,0.0000
"GardX International",0,0.0000
"Cross Border Angels & Experts",0,0.0000
"Poshika Financial Ecosystem",0,0.0000
"Calcutta Angels Network (CAN), Augment Ventures",0,0.0000
"Vishwadeep Bajaj, Harsh Kundra, Nandkumar Rane, LN Buddharaju, Anupam Tyagi",0,0.0000
Langoor,0,0.0000
"Chandigarh Angels Network, Social Alpha and other unnamed angel investors",0,0.0000
"Sandeep Aggarwal, Gautam Chhaochharia, R Balachandar",0,0.0000
"Undisclosed angel investors",0,0.0000
"Kae Capital, SEGNEL Ventures",0,0.0000
"Singapore Angel Network",0,0.0000
"Asuka, Pravega Ventures, BEENEXT",0,0.0000
"Cyber Carrier",0,0.0000
"Puneet Gupta, Nimitt Desai & Others",0,0.0000
"Shripad Nadkarni, Nandu Nandkishore",0,0.0000
"Mahavir Sharma, Vishal Jain, Rohit Sethi, Gaurav Luniya",0,0.0000
"Vikas Bajaj, Amit Kharbanda,",0,0.0000
"3one4 capital",0,0.0000
Verlinvest,0,0.0000
"JSW Ventures, VenturEast",0,0.0000
"Meher Roy, Nikhil Arora, Meet Kanodia, Krit Sankalp, Nitish Singh, Risabh Gupta",0,0.0000
"Om Chaudhry",0,0.0000
"Intex Technologies",0,0.0000
"Satveer Thakral, LetsVenture, Mumbai Angels",0,0.0000
"Satya D Sinha, Gyanendra Singh",0,0.0000
"Jaarvis Accelerator",0,0.0000
"Japan Vyas, Tarun Adlakha",0,0.0000
"Ganesh Natarajan",0,0.0000
ThinQbate,0,0.0000
"Vikram Sud",0,0.0000
"Vijay Shekhar Sharma, Rajan Anandan, Kunal Shah, Girish Mathrubootham, Punit Soni, Anand Chandrasekaran, Sunil Kalra, Utsav Somani, Vishal Gondal, Vikram Limaye",0,0.0000
"Konglo Ventures, White Unicorn Ventures, LetsVenture",0,0.0000
BookMyShow,0,0.0000
"Kunal Shah, Sandeep Tandon, Nitin Saluja, Gagan Goyal",0,0.0000
"Pankaj Rungta, Yogesh Agarwal",0,0.0000
"Ishan Manaktala",0,0.0000
"Anand Chandrasekaran, Rajiv Mehta, Ramakant Sharma",0,0.0000
"Vishal Malik",0,0.0000
"DanGold Investment Corp",0,0.0000
"Marico Innovation Foundation (MIF), Villgro",0,0.0000
"Aavya Ventures",0,0.0000
"Zishaan Hayath, Karan Chellani, Mohit Satyan",0,0.0000
"Vividhity Ventures",0,0.0000
"Axilor Ventures, Parampara Early Stage Opportunities Fund & Others",0,0.0000
"Harsh V. Pant, Ratheesh Raveendran",0,0.0000
"Amajit Gupta, Praveen Dubey, J.P. Bhatt",0,0.0000
"Rajasthan Venture Capital Fund",0,0.0000
"SB Ventures",0,0.0000
"Indian Angel Network, Native Angels Network",0,0.0000
"SD Group",0,0.0000
"Bessemer Venture Partners, Stellaris Venture Partners, Jungle Venture Partners, Axis Capital",0,0.0000
"IvyCamp Ventures",0,0.0000
"Umang Moondra",0,0.0000
"Singapore based investor",0,0.0000
"YourNest Fund II",0,0.0000
"India Educational Investment Fund",0,0.0000
"East Ventures & Others",0,0.0000
"Sharad Sharma, Rajan Anandan,Â  Amit Ranjan, Alok Mittal & others",0,0.0000
"Senovo, Unternehmertum Venture Capital, Alexander Bruehl",0,0.0000
"Dream Incubator",0,0.0000
"Rajesh Yohannan, Puthen & Cole",0,0.0000
"Chandigarh Angels Network (CAN)",0,0.0000
"Grace Capital Ventures",0,0.0000
"Ajith Sukumaran, Currae Healthtech Fund",0,0.0000
"The Chennai Angels, LetsVenture",0,0.0000
"Investors from Mumbai Angels & LetsVenture",0,0.0000
"Mohan Kumar, V. Balakrishnan",0,0.0000
"Calcutta Angel Network, Appliyifi",0,0.0000
"Max Ventures and Industries",0,0.0000
"Axilor, undisclosed investors",0,0.0000
"India Quotient, Rajul Garg, Rajesh Yabaji, Chanakya Hridaya, Ramasubramaniam B, Vishwanathan, Nobel House, Sunstone Capital",0,0.0000
"FiNC, GHV",0,0.0000
"V. Krishna Prasad, Bhupen Shah & Others",0,0.0000
"Ajith Nair",0,0.0000
"Cyber Carrier CL",0,0.0000
"Dr. Apoorv Ranjan Sharma, Anil Jain, Anuj Golecha, Krishna Jhunjhunwala, Anirudh Damani",0,0.0000
"Fireside Ventures & Others",0,0.0000
"HCS Venture capital fund",0,0.0000
"Incubate Fund, Lead Angels Group & Others",0,0.0000
"Pradyumna Dalmia, S. Somasegar & Others",0,0.0000
"Ajay Relan",0,0.0000
"The Chennai Angels, Ritesh Mehta, Aruna Ganesh Ram",0,0.0000
"Sachin Bansal, Binny Bansal",0,0.0000
"Lead Angels, Mumbai Angels, LetsVenture, Girish Mathrubootham, Anbu Pandian",0,0.0000
"WaterBridge Ventures,",0,0.0000
"CoCreate Ventures",0,0.0000
"RB Investments,Â  Kaleden Holdings",0,0.0000
"Calcutta Angels Network, LetsVenture, Anupam Mittal, Currae Healthtech Fund",0,0.0000
"Raman Roy, Ashish Gupta, Yogesh Andlay, Vaibhav Jain",0,0.0000
"3one4 Capital, Mumbai Angels, Aarin Capital",0,0.0000
"Gati Ltd",0,0.0000
"Chandigarh Angels Network",0,0.0000
"Gleevoaz Ventures",0,0.0000
"Arun Seth, T.V. Mohandas Pai, Anand Chandrasekaran, Deepak Ghaisas",0,0.0000
"Pramod Bhasin",0,0.0000
"R.S Sharma",0,0.0000
"Hitesh Windlass",0,0.0000
"Asuka Holdings",0,0.0000
"YMS Mobitech",0,0.0000
"Sanjai Vohra, V. Bunty Bohra",0,0.0000
"Dr. Pooja Gandhi",0,0.0000
"Venture Highway",0,0.0000
"Blume Ventures, BEENEXT, Barkawi Holdings GmbH, TM Service Technology Holdings Gmbh, Sreevathsa Prabhakar",0,0.0000
"Girish Mathrubootham, VC Karthic, Miten Mehta, Umasankar Nistala, Rakesh Patel, Akash Bhavsar, Jeevanandhan Rajagopal, Vikas Chadha & Others",0,0.0000
"Reliance Entertainment",0,0.0000
"Paytm, Aprameya Radhakrishna, Subramanya Venkat, Venk Krishnan",0,0.0000
"Mohit Sharma",0,0.0000
"Blume Ventures & Others",0,0.0000
"Mahindra Univeg",0,0.0000
"American Express Ventures, Sequoia Capital",0,0.0000
"BeeNext, TV Mohandas Pai, Kunal Shah, Sandeep Tandon",0,0.0000
"Ratan Tata",0,0.0000
"White Unicorn Ventures, Kae Capital, Mumbai Angels",0,0.0000
"Indian Angel Network, Healthsquad, Axilor Ventures",0,0.0000
"Ventureast Fund Advisors",0,0.0000
"Sumpoorna Group",0,0.0000
"Radhakrishnan Natarajan & Others",0,0.0000
"GrowX Ventures, Sunil Kalra, Arun Venkatachalam,Â  Badal Malick",0,0.0000
"Rajan Anandan",0,0.0000
"Quarizon Consultancy Services LLP",0,0.0000
"Karan Bhagat",0,0.0000
"Punit Soni",0,0.0000
"Vishnu Bhat, Rajiv Lunkad, Naresh Ravindranath",0,0.0000
"Boman Irani, Dhruv Chitgopekar, Prantik Dasgupta",0,0.0000
"Hyderabad Angels, TLabs",0,0.0000
"Ranjan Pai",0,0.0000
Mobikon,0,0.0000
"Helion Ventures, Blume ventures",0,0.0000
"Astarc Ventures, Anand Chandrasekaran",0,0.0000
"Ajay Nanavati, Afsal Salu",0,0.0000
"Sequoia India, Exfinity Ventures, growX ventures,",0,0.0000
"Pradeep Dhobale",0,0.0000
"Amit Choudhary",0,0.0000
Grasshoppers,0,0.0000
"Anita Dongre, Yash Dongre, Milind Sarwate",0,0.0000
"William Bissel",0,0.0000
PremjiInvest,0,0.0000
"Ravi Linganuri",0,0.0000
"Harinder Takhar, Zain Raj, Dr. Prasad Kaipa, Abaran Deep, Aseem Sood, Mustafa Patni",0,0.0000
"Raj Singh Bhandal",0,0.0000
"Indian Angels Network",0,0.0000
"Calcutta Angels Network",0,0.0000
"Scadea Solutions Inc",0,0.0000
"CIO Angel Network",0,0.0000
"Sumit Jain",0,0.0000
"KellyGamma, Lead Angels & Others",0,0.0000
"Accel Partners, Beenext, Powerhouse Ventures, Akusa Holdings",0,0.0000
"Rohit MA",0,0.0000
"Idea Wave Labs",0,0.0000
"Prashant Tandon, Gaurav Agarwal, Gaurav Bhogle, Shrishti Sahu, Shantanu Mathur, Prabhat Aggarwal",0,0.0000
"Scale Ventures Funds",0,0.0000
"Procam International Pvt. Ltd",0,0.0000
"Pratik Seal",0,0.0000
"Kanwaljit Singh, Ajay Lakhotia, Pavan Ongole, Ashish Gupta",0,0.0000
"Rajasthan Angel Innovators Network",0,0.0000
"Venk Krishnan, Aprameya Radhakrishna, Anupam Mittal, Kunal Shah, Tracxn Labs, Subramanya SV, Ravi Garkipati",0,0.0000
"Inventus Capital Partners, Blume Ventures & Others",0,0.0000
"Geniee, Inc, Purvi Capital",0,0.0000
"Centre for Innovation Incubation and Entrepreneurship (CIIE)",0,0.0000
"Khattar Holdings, ThirtyThree Investments, Soumitra Sharma, Deepak Sharma, Sumit Dayal and others",0,0.0000
"HT Media Ltd, North Base Media",0,0.0000
"Anand Chandrasekaran, Kanwaljit Singh, Manoj Varghese",0,0.0000
"Ashvin Chadha",0,0.0000
"Undisclosed Dubai based HNIs",0,0.0000
"Kashyap Deorah, Rajul Garg, Maninder Gulati",0,0.0000
"Speridian Technologies",0,0.0000
"Aspire Systems",0,0.0000
"Satish Vasudeva, Madhusudhan Jujare & Others",0,0.0000
"Saha Fund, Exfinity Venture Partners & Others",0,0.0000
"Vijay Kedia",0,0.0000
"Dr. Goutam Challagalla",0,0.0000
"ah! Ventures, Anupam Mittal, Kunal Shah, Sandeep Tandon, Dheeraj Jain, Rohit Chokhani",0,0.0000
"Vineet Taneja, Kamal Puri",0,0.0000
"Kunal Shah, Sandeep Tandon, Tracxn Labs",0,0.0000
"Scale Ventures",0,0.0000
"Fireside Ventures, Investopad, P39 Capital, Anupam Mittal, Pranay Jivrajka, Maninder Gulati, Abhinav Sinha",0,0.0000
"Globevestor Angel Fund, Devendra Rane, Ravi Jain,Â  Arpan Nagdeve",0,0.0000
"Kunal Shah & Sandeep Tandon, Girish Mathrubootham, Anand Chandrasekaran",0,0.0000
"Hitouch AG",0,0.0000
"Ambit Pragma",0,0.0000
"Sarbvir Singh, Raghav Bahl",0,0.0000
MasterCard,0,0.0000
"3one4 Capital, Tracxn Labs, Aaruha Technology Fund, Endiya Partners",0,0.0000
"Sequoia Capital, SD Ventures, Vistaar Investment Advisors Pvt. Ltd.",0,0.0000
"AVG Group, 500 Startups",0,0.0000
"Rothenberg Ventures",0,0.0000
"Alex Chua, Rahul Garg",0,0.0000
"Stanford Angels & Entrepreneurs, Harvard Angels",0,0.0000
"Mumbai Angels,Â  Times Internet",0,0.0000
"Ashish Mahajan, Sarvesh Sharma",0,0.0000
"Rishi Parti, Yogesh Bansal",0,0.0000
"Ajay Piramal",0,0.0000
"Jaspal Bindra, Parth Jindal",0,0.0000
"Sumit Jain, Sumit Jain, Anurag Gupta, Varun Khanna, Faraz Khan",0,0.0000
"Abhijit Avasthi, Karan Chellani, SP Vijay",0,0.0000
"Intelli Reboot Digital Pvt. Ltd",0,0.0000
"Satish Jamdar",0,0.0000
"Nilesh Shah",0,0.0000
"Swastika Company Pvt Ltd",0,0.0000
"Verlinvest, DSG Consumer Partners",0,0.0000
"Beenext, Digital Garage, Lightbox, Beenos",0,0.0000
MapmyIndia,0,0.0000
"MadhanKumar Madathupalayam",0,0.0000
"Sanjiv Rai",0,0.0000
"Kunal Shah, Aneesh Reddy, Tracxn Labs, Venkat Tadanki, Krishna Mehra, Amit Rathore",0,0.0000
"Ankit Maheshwari, Anand Singh",0,0.0000
"Cameron Jones",0,0.0000
"Ritesh Dwivedy, Priti Padhy",0,0.0000
"Vivek Joshi, Mohit Satyanand, Amit Banati, Arun Khanna",0,0.0000
"Ratan Tata, Bhavish Aggarwal, Ankit Bhati, Binny Bansal, Girish Mathrubootham",0,0.0000
"TVS Automobile Solutions Ltd",0,0.0000
"Valpro Capital and existing investors",0,0.0000
MCube8,0,0.0000
"IvyCap Ventures and Unicorn India Ventures",0,0.0000
"Atul Ingle",0,0.0000
"Guy Oseary",0,0.0000
"Nimmagadda Prasad",0,0.0000
"BetOnIndia Technology Pvt Ltd",0,0.0000
"Sanjay Verma, Amit Khanna (LetsVenture)",0,0.0000
"Hamraj Kumar",0,0.0000
"Timbru Ventures",0,0.0000
"Concur Technologies, Gund Investment",0,0.0000
IndiaMart,0,0.0000
"CP Bothra",0,0.0000
"Rise India",0,0.0000
"Kanodia family, Amit Banka",0,0.0000
"Soniks Consulting",0,0.0000
"Piyush Jain",0,0.0000
"Omidyar Network, Accel Partners & existing investors",0,0.0000
"Niloufer Dundh, Fauzan Rahim, Balamurugan Mani,",0,0.0000
"StartupXseed Ventures",0,0.0000
"IDG Ventures, Inventus Capital, Indian Angel Network",0,0.0000
"Rajul Garg & Others",0,0.0000
"JM Financial Products Ltd, Arun Tadanki, Doreswamy Nandkishore, Kshitij Jain",0,0.0000
"Rakesh Gupta, Aditya Aggarwal, Siddharth Banerjee, Vikas Ranjan, Anshul Jindal, Sunil Koul, and Sanjeev Agrawal",0,0.0000
"Phanindra Sama, Raghunandan G,",0,0.0000
"Anurag Chauhan",0,0.0000
"Kinnevik Group, Rocket Internet",0,0.0000
"Rata Tata",0,0.0000
"Undisclosed investors, Accel Partners, Helion Venture Partners",0,0.0000
"Anupam Mittal, Anuj Srivastava, Ankit Nagori",0,0.0000
"Subramanya SV",0,0.0000
"Sujeet Kumar, Aprameya, Sumit Jain, Subramanya Venkat, Venk, Ravi Machani, Hitesh Gupta, Rohit Choudhary",0,0.0000
"Pradeep Reddy Kamasan",0,0.0000
"MCube Capital Advisors Pvt Ltd",0,0.0000
"Anand Mahindra",0,0.0000
"Accel Partners, Indian Angel Network, India Innovation Fund India Venture Partners",0,0.0000
"Kunal Shah, Sandeep Tandon",0,0.0000
"Ashish Gupta and other undisclosed investors",0,0.0000
"HBM Healthcare Investments",0,0.0000
"Ashish Gupta",0,0.0000
"Raman Roy",0,0.0000
"Indian Angel Network, Alok Sharma, Kris Gopalakrishnan, Saurabh Srivastava, and Ajai Chowdhry",0,0.0000
"Vineet Singh",0,0.0000
"Equentia Natural Resource & Other undisclosed investors",0,0.0000
"N.S. Raghavan Centre for Entrepreneurial Learning",0,0.0000
"Mukesh Bansal",0,0.0000
"Blume Ventures, Barkawi Holdings GmbH, TM Service Technology Holdings GmbH",0,0.0000
"Nazara Technologies Pvt Ltd",0,0.0000
"IDG, Indian Angel Network",0,0.0000
Villgro,0,0.0000
Wingify,0,0.0000
Shaan,0,0.0000
"Anirudh Damani, Daud Ali, Narendra Karnavat, Vikas Kapoor, Vikram Lakhotia, Krishna Jhunjhunwaala, Jayesh Shah",0,0.0000
"Anil Kapoor",0,0.0000
"StartUp Equity Partners",0,0.0000
"Ram Shriram, Neeraj Arora, Puru Vashishtha",0,0.0000
"Mahavir Pratap Sharma, Ajay Data, Yogesh Chaudhary, Sanjay Phophaliya, Siddharth Agarwal, Kamal Kothari",0,0.0000
"Vivek Nathani, Yogesh Chaudhary, Mahavir Pratap Sharma, Kamal Kothari, H C Jain",0,0.0000
"Pawan Munjal, AdvantEdge Partners, Astarc Ventures",0,0.0000
"Ajay Data & other HNIs",0,0.0000
"Mitin Patel, Gaurav Agarwal",0,0.0000
"Bhavish Aggarwal, Ankit Bhati",0,0.0000
"RN Agarwal",0,0.0000
"YourNest Angel Fund, Rajul Garg",0,0.0000
"Undisclosed Angel investors & HNIs",0,0.0000
"Blume Ventures, Adil Allana, Aprameya Radhakrishna, Gautam Ivatury, Signal Point Partners",0,0.0000
"Ajay Data & undisclosed HNIs",0,0.0000
"M&Y Partners, SVG Media, Anthil Ventures & others",0,0.0000
"Inventus Capital Partners, HR Fund",0,0.0000
"NTT Finance, Telephone Corporation",0,0.0000
"Farooq Oomerbhoy, Anupam Mittal, Anand Mittal, Ravi Garikipati, Vibhu Garg, Singapore Angel Network, Konglo Ventures",0,0.0000
"Nandan Nilekani, Helion Ventures, Omidyar Networks, Blume Ventures",0,0.0000
"S Chand & Co",0,0.0000
"Lip-Bu Tan, Michael Marks, Nicolas Braithwaite",0,0.0000
"Kludein LLCPhanindra Sama, Narayan Ramachandran, Pranav Pai",0,0.0000
"Dino Morea",0,0.0000
"Matt Glickman",0,0.0000
"Sudhir Mehta, Anoop Hingorani",0,0.0000
"Manoj Kumar & Other undisclosed investors",0,0.0000
"Mohit Gulati",0,0.0000
"Naveen Tewari, Abhay Singhal, Amit Gupta, Piyush Shah, Raghunandan G, Rajiv Mehta",0,0.0000
"Vijay Krishna Yadav",0,0.0000
"Apoorv Ranjan Sharma, Daud Ali and others",0,0.0000
"Amadeus Capital",0,0.0000
"Amit Choudhary, Anuj Puri",0,0.0000
"Puneet Gupta,",0,0.0000
"Raj Gala Shah, Zaheer Memon",0,0.0000
"Janak Parikh",0,0.0000
"Hemang Sahani",0,0.0000
"Kris Gopalakrishnan, Atul Nishar",0,0.0000
"Google Capital",0,0.0000
"Sachin Tendulkar",0,0.0000
"Rajul Garg, Alok Mittal, Kunal Shah, Rishi Mandawat, Dheeraj Jain, Sandeep Tandon, Dexter Angel Circle",0,0.0000
GAIN,0,0.0000
"500 Startups, Littlerock, Singularity Ventures",0,0.0000
"Bhavish Aggarwal, Binny Bansal,Â  Rajan Anandan, Mekin Maheshwar, Sunil Kalra, Anupam Mittal, Krishna Mehra, Singapore Angel Network",0,0.0000
"Robin Utthappa",0,0.0000
"SoftBank Ventures Korea",0,0.0000
"Mohandas Pai, Hiro Mashita, Singapore Angel Network, 500 Startups, Rajan Anandan, Ajay Sarupria",0,0.0000
"T V Mohandas Pai,Â  Aarin Capital",0,0.0000
"TV Mohandas Pai, Aarin Capital",0,0.0000
"Vandana Luthra,",0,0.0000
"Raghunandan G, Venturesity, Arihant Patni",0,0.0000
"Mohit Goel, Vinod Jain & Others",0,0.0000
"Sixth Sense Ventures",0,0.0000
"Vinod Bansal, Sanjeev Singhal",0,0.0000
"Mahesh Parasuraman, Rahul Gautam & Others",0,0.0000
"Endiya Partners, Mekin Maheshwari, Rajesh Sawhney",0,0.0000
"India Ventures, Aarin Capital & Others",0,0.0000
"Edelweiss Financial Services",0,0.0000
"Aqeel Ahmed",0,0.0000
"Atul Jain, Anil Gelra, Jaikumar Nair",0,0.0000
"Jaideep Mehta",0,0.0000
"Sachin Dalal",0,0.0000
"Saumya Tandon",0,0.0000
"Ranjit Singh",0,0.0000
"Virendra Shekhawat, Deepak Chokhani, Yogesh Patel & Others",0,0.0000
"Vishwadeep Bajaj & Others",0,0.0000
"Rajnish Sinha, Prijit Debnath, Kanchan Ghoshal",0,0.0000
"Lead Angels",0,0.0000
"Dr Nandish Domlur, Amit Sandill",0,0.0000
"Lightspeed Venture Partners, K Ganesh",0,0.0000
"Sujal Shah, Dino Morea",0,0.0000
"Nandan Nilekani, Mohandas Pai, Neeraj Arora, Anand Rajaraman, Girish Mathrubootham, Aneesh Reddy & Teruhide Sato",0,0.0000
"Mohandas Pai, Varun Aggarwal",0,0.0000
"3 undisclosed investors",0,0.0000
"Sachin Bansal, Binny Bansal, Accel Partners & Others",0,0.0000
"Omidyar Network,Â  Vikram Lal, Abhijit Bhandari, Mahesh Murthy, Shashank Bhagat",0,0.0000
"StartupXseed Ventures, The Phoenix Fund and others",0,0.0000
"Tracxn Syndicate",0,0.0000
"Vishal Bali & Others",0,0.0000
"Calcutta Angels, Lead Angels & Others",0,0.0000
"Rajan Anandan, Pramod Bhasin, Siddharth Pai, TV Mohandas Pai, Manvinder Singh Banga",0,0.0000
MeritTrac,0,0.0000
"Dinesh Agarwal",0,0.0000
"Dheeraj Jain, Jagdish Kumar, Bharat Gupta, Ankush Saigal, Praveen Saini",0,0.0000
"Myntra/LivSpace Founders",0,0.0000
"Arun Chandra Mohan",0,0.0000
"500 Startups, Mato Peric, TracxnLabs",0,0.0000
"Ranjan Mahtani",0,0.0000
"Matt Mullenweg, Adam Dâ€™Angelo, Aditya Agarwal,Â  Ruchi Sanghvi & Others",0,0.0000
"50k Ventures, Munish Jauhar, Pulkit Jain, Rohit Narang",0,0.0000
"Amod Malviya",0,0.0000
"Mustafa Wajid, Umang Kumar & Others",0,0.0000
"Flipkart, Saavn, Micromax, Dhiraj Rajaram, Ambiga Dhiraj, Dinesh Agarwal, Samir Bangara, Sanjay Nath, Arihant Patni",0,0.0000
"Cipher-Plexus Capital Advisors & Indian HNIs",0,0.0000
"Hyderabad Angels, Lalit Mangal,Â  Vikas Malpani, Gaurav Bhalotia, LV Prasad",0,0.0000
"Times Group",0,0.0000
"Abhinav Mathur",0,0.0000
"Sanjay Mehta",0,0.0000
"Huzaifa Khorakiwala",0,0.0000
"Anand Chandrasekaran & Others",0,0.0000
"Farooq Adam, Ambi Parameswaran,",0,0.0000
GIC,0,0.0000
"Chandigarh Angels Funding",0,0.0000
"Arihant Patni, Avnish Mehra, Pranay Adhvaryu, Ravi Sampat",0,0.0000
"Purvi Ventures",0,0.0000
"GPA group",0,0.0000
"Lalit Mangal & Others",0,0.0000
"TV Mohandas Pai, Mohit Saxena, Raghunandan G, Singapore Angel Network, TracxnLabs",0,0.0000
"Foxconn Technology Group & Others",0,0.0000
"Harminder Sahni, Krishna Mehra, Sanjay Bakshi",0,0.0000
"Maple Capital Advisors",0,0.0000
"Lead Angel Network",0,0.0000
"Vineet Nalla",0,0.0000
"Amit Patni, Anirudh Damani, Samir Shah",0,0.0000
"The Saha Fund, TV Mohandas Pai",0,0.0000
"CIO Angel Network (CAN)",0,0.0000
"Chandigarh Angel Network (CAN)",0,0.0000
"Beerud Sheth and Ravi Mantha",0,0.0000
"Rajesh Sawhney, Anupam Mittal, Dinesh Agarwal, Gaurav Gupta,",0,0.0000
"Vidyadhar Sarfare",0,0.0000
Shopclues,0,0.0000
"TracxnLabs, Jitendra Gupta, Prashant Tandon",0,0.0000
"Mr. Sudhir & Ms. Shalini Sethi, Mr. Praveen Someshwar",0,0.0000
"Extreme Venture PartnersÂ  William Bissell",0,0.0000
"Mumbai Angels, Singapore Angel Network, Zishaan Hayath",0,0.0000
"Vijay Shekhar Sharma, Singapore Angels Network",0,0.0000
"Nisha Sharma, Puneet Dalmia, Balaji Prabhakar",0,0.0000
"Quintillion Media",0,0.0000
"Anand Chandrasekaran, Rajesh Sawhney, Kalpana Tatavarti, Shivanandan Pare",0,0.0000
"Murugappa Group, TVS Group, Vellayan Subbiah, Arathi Krishna, Arun Venkatachalam",0,0.0000
"HT Digital Media Holdings Ltd",0,0.0000
"Vectr Ventures",0,0.0000
"Jitendra Gupta",0,0.0000
"Umang Kumar, Ruchir Arora & others",0,0.0000
"Times Group Brand Capital",0,0.0000
"SAIF Partners & others",0,0.0000
"Saina Nehwal",0,0.0000
"TV Mohandas Paiâ€™s family office",0,0.0000
"Centre For Incubation & Business Acceleration (CIBA), Goa",0,0.0000
"Sujeet Kumar, Ankit Nagori, Traxcn Labs",0,0.0000
Logtally,0,0.0000
"Inara Capital , Rishi Khiani",0,0.0000
"Palaash Ventures",0,0.0000
"Blackstone Valley Group, Raghu Vohra, Aditya Dev Sood, Kamal Bansal",0,0.0000
"S.D. Shibulal, Kris Gopalakrishnan, Srinath Batni, Professor Tarun Khanna,Â  Ganapathy Venugopal.",0,0.0000
"Kae Capital, Kunal Bahl, Rohit Bansal",0,0.0000
"Daljit Singh, Dr. Pramath Raj Sinha, BVR Mohan Reddy",0,0.0000
"Manish Gupta",0,0.0000
"Tracxn, Ashish Goenka & Others",0,0.0000
"Bessemer Venture Partners, Anil Chopra",0,0.0000
"JMR Infotech India Pvt Ltd",0,0.0000
"Unigrowth Inc",0,0.0000
"Mandeep Singh, Jairaj Singh",0,0.0000
"FIH Mobile Ltd",0,0.0000
"Sargod Ventures",0,0.0000
"Accel Partners, Elevar Equity, Pramod Bhasin, Rajan Anandan, Gaurav Dalmia, Abhishek Goyal, Gagan Hasteer , Arun Tadanki",0,0.0000
"Sandeep Aggarwal",0,0.0000
"Paytm (One97 communications)",0,0.0000
"Micromax Informatics",0,0.0000
"Mato Peric, Peter Kabel & others",0,0.0000
"Life.SREDA, Qualgro",0,0.0000
Quikr,0,0.0000
"Aarin Capital Partners",0,0.0000
"500 Startups, IDG Ventures & Advantedge fund, Neeraj Arora, Leon Seynave",0,0.0000
"Micromax Informatics Ltd",0,0.0000
"Dewang Neralla,Roopak Taneja, Manisha Gupta",0,0.0000
"Fireside Ventures, Mumbai Angels MAPE Advisory Group.",0,0.0000
"Devesh Rai G, Rajesh Aggarwal, Amitpal Bhutani",0,0.0000
"Vijai Laxmi",0,0.0000
"Manpreet Singh",0,0.0000
"Accel Partners, Anupam Mittal & other marquee investors",0,0.0000
"Dr. Aniruddha Malpani Manish Gupta, M&S Partners & others",0,0.0000
"Springboard Ventures",0,0.0000
"R Natarajan, Mohan Alexander",0,0.0000
"Ventureworks India",0,0.0000
"Redcliffe Capital, YourNest Angel Fund",0,0.0000
"Jupiter Capital",0,0.0000
"Accel Partner, Jungle Ventures",0,0.0000
"Suresh Vaswani",0,0.0000
"India Quotient & other investors",0,0.0000
"CMYK Health Boutique Pvt Ltd & Other individual investors",0,0.0000
"Ankush Nijhawan, Manish Dhingra, Gaurav Bhatnagar",0,0.0000
"Subodh Gupta",0,0.0000
"Ash Bhardwaj",0,0.0000
"Sandeep Dama & Others",0,0.0000
Applyifi,0,0.0000
"Aprameya Radhakrishna, Naman Sarawagi, Afsal Salu,",0,0.0000
"Anand Mahindra, Uday Punj, Ashish Hemrajani, Sanjeev Mehra",0,0.0000
"Prakhar Bumb",0,0.0000
"Unitus Seed Fund, Rianta Capital, R Ramaraj, Sunil Edwards",0,0.0000
"Karan Bajwa, Amanpreet Bajaj, Manish Vij",0,0.0000
"Rajat Malhotra",0,0.0000
"Sharad Sharma, Vijay Anand, Mohandas Pai. Pallav Nadhani, Singapore Angels Network & others",0,0.0000
"Astarc Ventures & Others",0,0.0000
"500 Startups, Mato Peric & Others",0,0.0000
"Mayank Singhal and others",0,0.0000
"Zishaan Hayath, Rahul Khanna & Others",0,0.0000
"Kunal Bahl, Rohit Bansal, Pranay Chulet, Naveen Tiwari, Amit Gupta, Mayank Singhal",0,0.0000
"Alok Mittal",0,0.0000
VentureNursery,0,0.0000
"Alok Mittal, Zeeshan Hayat, Niraj Singh, Nikunj Jain, Anirudh Damani, Punit Goyal",0,0.0000
"Sachin Bhatia, Rajesh Sawhney",0,0.0000
"Tracxn Labs",0,0.0000
"Sanjay Sethi, Ravi Jaipuria & others",0,0.0000
"CCube Angels, Frontline Strategy",0,0.0000
"Inflexionpoint, Pramod Bhasin, Sixth Sense Ventures, Vindi Banga, Hiro Mashita",0,0.0000
"responsAbility Investments, Infuse Ventures",0,0.0000
"Bedrock Ventures",0,0.0000
"Best Foodworks",0,0.0000
"B M Gupta, Vinod Singhal",0,0.0000
"LetsVenture, Mumbai Angels",0,0.0000
"Ratan Tata, Vani Kola, T V Mohandas Pai, Karthee Madasamay",0,0.0000
"Existing & New Investors",0,0.0000
"Rohit Goel",0,0.0000
"One97 Communications",0,0.0000
"Rohit Bhatia, Sunil Nikhar, Vaibhav Domkundwar, Siddharth Nautiyal",0,0.0000
"NEA, Blume Ventures & others",0,0.0000
"Umesh Yadav",0,0.0000
"Manish Dhingra, Ankush Nijhawa, Gaurav Bhatnagar",0,0.0000
"Prime Capital Markets Ltd",0,0.0000
"India Quotient, Anupam Mittal & others",0,0.0000
"Group of Investors",0,0.0000
"Ravi Agarwal",0,0.0000
"Ibibo Group",0,0.0000
"Growx Ventures, Manish Singhal",0,0.0000
"Li Tao, Li Jian, Draphant Consultants, Nitin Garg, Saurabh Jain, Mohit Agarwal",0,0.0000
"Ratan Tata, Nikhil Vora & others",0,0.0000
"Delhivery, Tracxn Labs",0,0.0000
"ah! Ventures, Vivek Joshi, Mohit Satyanand & others",0,0.0000
"Rebright Partners, Tracxn Labs, Aneesh Reddy",0,0.0000
"Pravin Agarwala & others",0,0.0000
"Atulya Mittal",0,0.0000
"Powai Lake Ventures, Globeinvestor, Abhishekh Goyal",0,0.0000
"DSG Consumer Partners, Siddharth Parekh",0,0.0000
"Jaydeep Barman",0,0.0000
"Sandeep Aggarwal, Teruhide Sato",0,0.0000
"Rajeev Saraf, Arvind Jha, R. Satya Narayanan",0,0.0000
"Atul Jalan",0,0.0000
"Anupam Mittal, Anand Chandrasekaran, Uday Shankar, Chetan Bhagat",0,0.0000
"Tracxn Labs, Deepak Singh",0,0.0000
"IDG Ventures India",0,0.0000
"YourWeCan Ventures",0,0.0000
"growX ventures,Â  Manish Singhal",0,0.0000
"Varun Agarwal & Others",0,0.0000
"B S Nagesh",0,0.0000
"YouWeCan Ventures,Â  Aprameya Radhakrishna",0,0.0000
"Aarin Capital Partners,",0,0.0000
"Aprameya Radhakrishna",0,0.0000
GrowthStory,0,0.0000
"Ennovent Impact Investment Holding",0,0.0000
"Mark Mobius & 9 Other Angel investors",0,0.0000
"Sharad Sharma, Rajan Anandan, Sunil Kalra, Amit Ranjan, Rohan Malhotra,Â  Arjun Malhotra, Gautam Gandhi",0,0.0000
"Natarajan Iyer,Rajesh Sawhney,Â  & other Angel investors.",0,0.0000
"Pawan Borle, SVP Fly Dubai & Others",0,0.0000
"Infuse Ventures, Low Carbon Enterprise Fund",0,0.0000
"Mumbai Angels, Patni Family Office, Singapore Angel Network, Karan Maheshwari, Jatin Aneja, Kishor Ganji, Roopa Nath",0,0.0000
"Unitus Seed Fund, Times Internet",0,0.0000
"Gopal Srinivasan, Sashi Reddy, Amit Gupta, Pallav Nadhani",0,0.0000
"Sunil Maheshwari & group of investors",0,0.0000
"Sprout Angels LLP",0,0.0000
"Dr David Cheriton",0,0.0000
"Tracxn Labs, Sahil Barua",0,0.0000
"Kanwaljit Singh, Angie Mahtaney, Manoj Varghese",0,0.0000
"Helion Ventures, Omidiyar Network, Blume Ventures and Ujama",0,0.0000
"Vishwas Patel",0,0.0000
"IDG Ventures, Kris Gopalakrishnan",0,0.0000
Prototyze,0,0.0000
"Rajan Anandan, Teru Sato, Aneesh Reddy, Venkatesh Valluri",0,0.0000
"Mohandas Pai",0,0.0000
"Samir Shah",0,0.0000
"MakeMyTrip Innovation Fund",0,0.0000
"Sunergy Investors",0,0.0000
"HDFC Bank",0,0.0000
"Jan Manten",0,0.0000
"Ajit Surana, Sanjay Mehta",0,0.0000
"Matrix Partners India, India Quotient",0,0.0000
"Powai Lake Ventures",0,0.0000
"The Phoenix Fund",0,0.0000
"Deepak Shahdadpuri, Gulpreet Kohli",0,0.0000
"Lightspeed Ventures",0,0.0000
"Infuse Ventures fund",0,0.0000
"Anand Rajaraman, Venky Harinarayan",0,0.0000
"Sumit Jain, Aprameya Radhakrishna, Alok Goel, Rajan Anandan, Amit Agrawal, Vinay Goel, Gaurav Munjal, Ashish Dev Kapur",0,0.0000
