investors,no_of_investments
"undisclosed investors",68
"Indian Angel Network",25
"Undisclosed Investor",22
"Ratan Tata",22
"Kalaari Capital",15
"Sequoia Capital",11
"RoundGlass Partners",10
"Brand Capital",10
"Accel Partners",9
"SAIF Partners",9
,8
"Info Edge (India) Ltd",8
"Group of Angel investors",8
"YouWeCan Ventures",7
Undisclosed,7
"Nexus Venture Partners",7
"Unitus Seed Fund",7
"Blume Ventures",6
"Trifecta Capital",6
"Tiger Global",6
"Kae Capital",5
"Venture Catalysts",5
"India Educational Investment Fund",5
"The Chennai Angels",5
"Undisclosed HNIs",5
"Eight Roads Ventures",4
Paytm,4
Rainmatter,4
"InnoVen Capital",4
"IdeaSpring Capital",4
"Jungle Ventures",4
"Bessemer Venture Partners",4
"Exfinity Venture Partners",4
"SRI Capital",4
Quarizon,4
"Axilor Ventures",4
"India Quotient",4
"Idein Ventures",4
"Infuse Ventures",4
"ah! Ventures",4
"Multiple investors through Ten Minute Million competition",4
"Green House Ventures (GHV)",4
"Norwest Venture Partners",3
"50K Ventures",3
"Deepak Nathani",3
"Anand Chandrasekaran",3
"Matrix Partners India",3
"Sequoia India",3
"Facebook FBStart",3
Flipkart,3
"IvyCap Ventures",3
"The Ten Minute Million",3
"Mumbai Angels",3
"Edelweiss Private Equity",3
"Vijay Shekhar Sharma",3
"Rajan Anandan",3
"Gray Matters Capital",3
"Swastika Company Ltd",3
"Centre for Innovation Incubation and Entrepreneurship (CIIE)",3
"500 Startups",3
"TVS Automobile Solutions Ltd",3
vCommission,3
"Kalaari Capital Accelerator Program",3
"Lead Angels",3
"Chennai Angels",3
"Unilazer Ventures",3
"GHV Accelerator",3
"Micromax Informatics",3
"Acumen Fund",3
"Blacksoil Capital Pvt. Ltd",2
Xelpmoc,2
"Yuvraj Singh",2
"Goldman Sachs",2
"Hyderabad Angels",2
"Nimit Panigrahi",2
"Kstart Capital",2
"Carpediem Capital",2
"Matrix Partners",2
"Kalaari Capital, Norwest Venture Partners",2
"NB Ventures",2
"Lightspeed Venture Partners",2
"Bennett, Coleman and Company Ltd",2
"Times Internet Ltd",2
Lâ€™Occitane,2
"3one4 capital",2
"Earlsfield Capital",2
"Ganesh Natarajan",2
"Nexus Venture Partners, Blume Ventures",2
"IvyCamp Ventures",2
"GEMs Advisory, Quarizon",2
"Franchise India",2
"Info Edge (India)",2
"Eros Labs",2
"Unicorn India Ventures",2
"Sachin Bansal, Binny Bansal",2
"Nandan Nilekani",2
"Chandigarh Angels Network",2
"Viraj Tyagi & Others",2
"Punit Soni",2
"DSG Consumer Partners",2
BEENEXT,2
"Omnivore Partners",2
"CIO Angel Network",2
LetsVenture,2
"Anglian Omega Network",2
"Swan Angel Network",2
"Kalaari Capital, India Quotient",2
"Rainmaker Ventures",2
"SAIF Partners, India Quotient",2
"Prime Venture Partners",2
"Parampara Capital",2
"EVC Ventures",2
"Accel Partners India",2
"Mayfield Ventures",2
Grex.in,2
"MoMagic Technologies",2
"YourNest Angel Fund",2
"Anand Mahindra",2
"Ashish Gupta",2
GirnarSoft,2
"Undisclosed private investors",2
"Indian Angel Network, Stanford Angels, Entrepreneurs India",2
"Snow Leopard Technology Ventures",2
"Sixth Sense Ventures",2
"Manipal Global Education Services",2
Aavishkaar,2
"Lightspeed India",2
"Tracxn Syndicate",2
"Dinesh Agarwal",2
"Sanjay Mehta",2
"Puneet Dalmia",2
"growX ventures",2
"Agnus Capital",2
"Turning Ideas",2
"IDG Ventures",2
"Palaash Ventures",2
"Paytm (One97 communications)",2
"Aarin Capital Partners",2
"Green House Ventures",2
"Oliphans Capital",2
VentureNursery,2
"Tiger Global Management",2
"Group of Investors",2
"Accel Partners, Helion Venture Partners",2
MakeMyTrip,2
"SIDBI Venture Capital Ltd",2
AngelPrime,2
"Triton Investment Advisors",1
"Kashyap Deorah, Anand Sankeshwar, Deepak Jain, Sadashiva NT, Arjun Mehta, Satish Kaul, Anindya Ghose",1
"Kunal Shah, LetsVenture, Anupam Mittal, Hetal Sonpal",1
"Narottam Thudi, Shireesh Palle",1
"Reliance Corporate Advisory Services Ltd",1
"Infuse Ventures, JLL",1
"Asset Management (Asia) Ltd, Digital Garage Inc",1
"Kalaari Capital, Nexus India Capital Advisors",1
"International Finance Corporation, Rocketship, Accel Partners, Jungle Ventures, Shailesh Rao, Venture Highway",1
BCCL,1
"Blume Ventures, Contrarian Capital India Partners, Emergent Ventures India, Pallav Nadhani, Ashish Gupta, Sharad Sharma, Sirion Labs",1
"India Quotient, Shunwei Capital",1
"Sreeram Iyer, Suvo Sarkar, Anita Gupta, Likemind Ventures",1
"Mitsui & Co.",1
"Dunamis Ventures Pte Ltd",1
"Venture Catalysts, Sourav Ganguly, Ankit Aditya, Moksh Sports Ventures",1
"Fireside Ventures, Apurva Salarpuria, Sidharth Pansari, Sprout Capital",1
"SBI-FMO Fund, Bessemer Venture Partners, Catamaran Ventures",1
"Corvus Ventures, MAPE Advisory Group",1
"500 Startups, Purvi Capital, Rajan Anandan, Abhishek Gupta",1
"Brigade Innovations LLP, TV Mohandas Pai, Suhail Rahman, Bobby Reddy, M George Oommen",1
"Sequoia Capital, Grey Orange, Rajesh Ramaiah, Anshuman Das, Rishi Das",1
"IDG Ventures India Advisors, Jungle Ventures",1
"One97 Communication Ltd",1
"Uber Technologies Inc, Amaya Capital LLP",1
"ain Capital Ventures, Renaud Laplanche",1
"Francesco Cara",1
"ABI-Showatech (India) Ltd",1
"Kae Capital, M&S Partners,",1
"Subramani Somasundaram, Sundeep Sahni, Mayank Mittal & Others",1
"Harmeet Bajaj, Pameela P, Fusiontech Ventures & Others",1
"Sunil Kalra, Aditya Singh, Rishi Srivastava, Rajan Anandan",1
"Blume Ventures, NB Ventures, Nspira",1
"Stellaris Venture Partners,",1
"Indian Angel Network, Anand Mahindra",1
"HBM Healthcare Investments, Maverick Capital Ventures, Sequoia India, Omidyar Network and Kae Capital",1
"Amen Dhyllon",1
"Grace Grace Techno Ventures LLP, Rajul Garg & Other undisclosed investors",1
"TVS Motor Company",1
"blockchain ecosystem Global Advisors, Horseferry",1
"Blume Ventures, Indian Angel Network, Kunal Shah, Sandeep Tandon",1
"Arun Patodia, Bharat Kedia",1
"500 Startups, IvyCap Ventures",1
"Harsh Mahajan, Farhan Naqvi, Sreepathy Viswanathan",1
"Sundaram Finance Holdings",1
"SBI (Stand Up India Scheme)",1
"WaterBridge Ventures",1
"SQue Capital",1
"Bodhtree Consulting Limited",1
"Mohan Alexander, R. Natarajan, Vikrant Varshney, Amit Sinha",1
"Pawan Borle, Nirmal Singh, Manish Prasad, Vineet Varma, Nick Haulkoury, Abhai S. Rao",1
"Dr Ramesh Ayyala, Satya Muthyala",1
"Cao Yibin, Huang Wei, Madhusudan E,",1
"Yes Bank",1
"Unicorn India Ventures, Venky Krishnakumar, Suresh Shankar, Vivek Bhargava",1
"Venture Catalysts, Alfa Capital, Green Shots Capital, Real Time Ventures",1
"Artha India Ventures, Singularity Holdings, Rajan Anandan, Girish Mathrubootham",1
Transamerica,1
"Nexus Venture Partners, Founders Fund",1
"Nexus Venture Partners, Omidyar Network",1
"Fairfax Holdings",1
"RB Investments",1
"Sequoia India, NEA, Prime Venture Partners",1
"Nexus Venture Partners, Mekin Maheshwari",1
"Mohammed Khan, Sameer Narayan & Others",1
"Alphard Maritime Group",1
"Cross Border Angels & Experts, Rajasthan Angel Innovators Network, The Chennai Angels",1
"BLIP Initiatives",1
"Lightspeed India Partners, Endiya Partners, 3one4 Capital Advisors LLP, Startupxseed Ventures LLP",1
91maker.com,1
"IIFL Seed Ventures, Kae Capital, FJ Labs, Singularity Ventures, GrowX, Tracxn Labs, Axis Capital",1
"Manipal Education and Medical Group (MEMG), SAR Group, The Grover Trust",1
iBhubs,1
"UC-RNT Fund, Matrix Partners, alcon Edge Capital, DSG Consumer Partners",1
"General Catalyst, Founder Collective",1
"Endiya Partners, Ventureast",1
"Mekin Maheshwari, Bharat Vijay, Krish Seshadri, Amar Arsikere",1
"Kae Capital, India Quotient, IFMR, and MAS Financial Services Ltd",1
"Mohit Srivastav, Kishore Ganji, Venkat Vallabhaneni, Rajeev Menon",1
"Seedfund, RB International",1
"Snow Leopard Ventures, Alto Partners",1
"Gujarat Venture Finance Ltd",1
"The Chennai Angels, Anthill Scale Ventures, Esvee Technologies Inc, Inc95 Consulting",1
"Aparup Sengupta, Devendra Reddy,",1
"Kalaari Capital, Udayan Goyal",1
"SAP.iO, Unilazer Ventures",1
"Abhinav Bindra, Gaurav Marya",1
Zeta,1
"Vy Capital, SAIF Partners, Accel Partner, Bessemer Venture Partners",1
"International Finance Corporation",1
"Accel Partners, Nandan Nilekani,",1
"Dutch government fund",1
"Asuka Holdings, YouWeCan Ventures, Beenext, Beenos, M&S Partners",1
"Hinduja family",1
"Rainbow Digital Services Pvt. Ltd, ILearnFinance Academy Pvt. Ltd.",1
"Indian Angels Network, LetsVenture",1
"Ajay Relan, LetsVenture",1
"Vertex Ventures, C31 Ventures",1
"RNT Capital, Gokul Rajaram, Aditya Agarwal, Ruchi Sanghvi & others",1
"Satoshi Studios",1
"Luxasia Group",1
"GVFL, Unicorn India Ventures",1
"Vellayan Subbiah, Jonathan Boutelle, Rajan Anandan,Â  Rahul Chawla, Salil Donde, Amit Ranjan, Govind Rajan & Others",1
"Times Internet, GVFL",1
1Crowd,1
"Varsha Rao, Surojit Chatterjee, Nirav Choksi & Others",1
"DG Ventures India, Dewan Housing Finance Corp",1
"Chirag Nikunj Sheth & Others",1
"Aakrit Vaish, Swapan Rajdev, Sushill Jiwarajka",1
"Impanix Capital",1
GEMs,1
"Infibeam, CCavenue",1
SAP,1
"Innovations East",1
Rocketship,1
"Ayesha Takia Azmi, Abu Farhan Azmi",1
"Dr. Ritesh Malik",1
"Dheeraj Pandey, Rajesh Yohannan, Akash Garg",1
"Ankur Capital, Hyderabad Angels",1
"Gokaldas Exports Ltd",1
"Fosun International",1
"JLL, 1Crowd",1
"Eagle10 Ventures",1
"Lightspeed Venture Partners, Vy Capital,",1
"Ratan Tata, Nandan Nilekani, Uday Kotak, Vijay Shekhar Sharma, Kiran Mazumdar-Shaw, Rajiv C Mody",1
"Blue Orchard",1
"Lahiri Musicâ€™s family office",1
"PV Sahad, Sandeep Shroff, Rahul Gupta",1
"Soma Capital, Great Oaks Ventures, 122 West Ventures",1
"Rohto Pharmaceutical",1
"Lightspeed India Partners, Waterbridge Ventures",1
"Mathew Cyriac, Florintree Advisors,",1
"Bertelsmann India",1
"Rohitash Gupta",1
"Unicorn India Ventures & Others",1
"Aspada Investments",1
"Stellaris Venture Partners, Helion Venture Partners, Powerhouse Ventures, Gokul Rajaram, Girish Mathrubootham, Aneesh Reddy, Vispi Daver",1
"Keyur Joshi, Pavan Bakeri",1
"Koen Bouwers, Lomesh Agarwal, Jeroen Mensen, Pablo van den Bosch & Others",1
"Deepak Kulkarni, Sandeep Pangal",1
"Zephyr Peacock India",1
"FreakOut Group, Blume Ventures, Herb Madan, WaterBridge Ventures",1
"Mahindra Partners, Eight Roads Ventures, F-Prime Capital Partners",1
"Accel Partners, Shunwei Capital",1
"YouWeCan Ventures,",1
"Ishwar Singh,Farhaan Shabbir",1
"Bessemer Venture Partners, Orios Venture Partners, Trifecta Capital,",1
"Labruyere EberlÃ©",1
"Lightspeed India Partners, Blume Ventures, CyberAgent Ventures, GrowX Ventures, IMJ Investment Partners",1
"Rajan Anandan, L.D Sharma, Saurabh Arora",1
"Mahindra and Mahindra Financial Services",1
"Accel Partners, Nandan Nilekaniâ€™s NRJN Trust, Mistletoe, Qualcomm Ventures, M&S Partners",1
"Philippe Bouchet",1
"Sushil Kumar, Sandeep Singh",1
"Ivycap Ventures Advisors, Singularity Ventures and Ravi Dhariwal",1
"Mayfield, Nishant Rao, Dileep Nath",1
"DHI Group Inc, Prime Venture Partners, Beenext, Beenos, Digital Garage, BizReach",1
"Blume Ventures, Contrarian Capital, 91springboard, Emergent Ventures, Abstract Ventures, Anthill Ventures, Axilor Ventures",1
"MAPE Advisory Group, R Ramaraj, Corvus Ventures",1
"Z Nation Lab",1
"Redcliffe Capital",1
"Urrshila Kerkar",1
"mall Industries Development Bank of India (SIDBI)",1
"Tolaram Inc, Mountain Pine Capital",1
"Benori Ventures LLP",1
"Jacqueline Fernandez",1
"Nibhrant Shah, Anandbir Singh, Anirudh Sheth, Pratik Singhi, Vikram Mehta, Murali Nair",1
"Gaurav Kachru, Sundeep Singh Sahni, Jatin Aneja, Arun Malhotra",1
"Village Capital",1
"Anicut Capital",1
"IndiaNivesh Venture Capital Fund",1
"SIDBI Venture Capital Ltd, Kalaari Capital",1
"Ankit Nagori",1
"Ravi Garikipati, Surot Chatterjee, Ashish Agrawal, LG Chandrasekhar, Sashi Reddi",1
"Ligthbox Ventures II, Lightbox Expansion Fund, Sequoia Capital India, RuNet South Asia, RB Investments",1
"WGG International",1
"pi Ventures, Axilor Ventures, 500 Startups, Binny Bansal",1
"Arun Tadanki, Aditya Verma",1
"Times Internet,Matrix Partners",1
"DAH Beteiligungs GmbH",1
"S. Xavier Britto",1
"Orios Ventures Partners, Team Builder Ventures, Omidyar Networks",1
"Agnus Capital, Khattar Holdings",1
"GardX International",1
"Cross Border Angels & Experts",1
"Poshika Financial Ecosystem",1
"Sequoia Capital India",1
"Calcutta Angels Network (CAN), Augment Ventures",1
"Vishwadeep Bajaj, Harsh Kundra, Nandkumar Rane, LN Buddharaju, Anupam Tyagi",1
"Ventureast, Endiya Partners, Eight Roads Ventures, F-Prime Capital Partners",1
Langoor,1
"Quona Capital",1
"Chandigarh Angels Network, Social Alpha and other unnamed angel investors",1
"Bhupen Shah, Jayesh Parekh, Sanjay Sathe",1
"Sandeep Aggarwal, Gautam Chhaochharia, R Balachandar",1
"Undisclosed angel investors",1
"CDC Group Plc",1
"Atul Nishar",1
"Aneesh Seth, Tushar Mittal",1
"SIDBI Venture Capital Fund",1
"Star India Pvt Ltd",1
"IDFC Parampara Early Stage Opportunities Fund",1
"National Science and Technology Entrepreneurship Development Board",1
"IDG Ventures India, Michael & Susan Dell Foundation, Draper Associates, Unitus Seed Fund",1
"Private Sector Banks (Debt Funding)",1
"IDG ventures, Axilor Ventures, Emergent Ventures, Indian Angel Network",1
"Y Combinator",1
"Kae Capital, SEGNEL Ventures",1
"Deepak Gurnani",1
"Singapore Angel Network",1
"Asuka, Pravega Ventures, BEENEXT",1
"Cyber Carrier",1
"Florintree, Mathew Cyriac, Chidambaram Palaniappan, Bharat Sheth",1
"IDG Ventures, Blume Ventures, Saha Fund,",1
"Puneet Gupta, Nimitt Desai & Others",1
"GREE Ventures, Kalaari Capital and IDG Ventures India, Summit Media, Atul Goel, and Gurpreet Singh",1
"Sujeet Kumar, Bhupender Singh, Yashish Dhaiya",1
"Kalaari Capital, Rakesh and Rajesh Jhunjhunwala",1
"Shripad Nadkarni, Nandu Nandkishore",1
"Ravi Saxena, Sandeep Raju,",1
"Sequoia Capital, Kinzon Capital",1
"Ojas Ventures",1
"Mahavir Sharma, Vishal Jain, Rohit Sethi, Gaurav Luniya",1
"Vikas Bajaj, Amit Kharbanda,",1
"Ankit Gupta, Puneet Motihar",1
Verlinvest,1
"Mayfield India, 3one4 Capital, Sistema Asia Fund, Neoplux Technology Fund",1
"Vinod Martin, Hemant Kaul, Prof. Ram Kumar Kakani & Others",1
"JSW Ventures, VenturEast",1
"Meher Roy, Nikhil Arora, Meet Kanodia, Krit Sankalp, Nitish Singh, Risabh Gupta",1
"Om Chaudhry",1
"Malini Patel, Stelcore Management Services, Anjani Prasad",1
"Samridhi Fund",1
"Intex Technologies",1
"Satveer Thakral, LetsVenture, Mumbai Angels",1
"B Capital Group, Ignition Partners, Greycroft, e.ventures,Â  Eight Roads Ventures",1
"Satya D Sinha, Gyanendra Singh",1
"IFMR Capital Finance",1
"Jaarvis Accelerator",1
"Batlivala & Karani Securities, Venture Works",1
"RB Investments, SAIF Partners, Bessemer Venture Partners",1
"pi Ventures, Blume Ventures",1
"Japan Vyas, Tarun Adlakha",1
"Facebook FB Start programme",1
"RB Investments, Sequoia Capital",1
"Sistema Asia Fund, Amereus Group, Helion Ventures",1
"Al Dhaheri family",1
ThinQbate,1
"Accel Partners, IDG Ventures, Endiya Partners, pi Ventures, VH Capital, Axilor Partners",1
"Vertex Ventures, Lumis Partners",1
"Anil Jain & other HNIs",1
"Kleiner Perkins, Goldman Sachs, Pine Brook",1
"Mohit Joshi & Others",1
"Pravega Ventures",1
"Mahalingam K, Girish Mathrubootham",1
Infibeam,1
"Vikram Sud",1
"Vijay Shekhar Sharma, Rajan Anandan, Kunal Shah, Girish Mathrubootham, Punit Soni, Anand Chandrasekaran, Sunil Kalra, Utsav Somani, Vishal Gondal, Vikram Limaye",1
"PayU, Ribbit Capital, Omidyar Network",1
"Quake Capital",1
"Shunwei Capital",1
"Kalaari Capital Partners, Qualcomm, 3ONE4 Capital Advisors, UC-RNT",1
"Aprameya Radhakrishna, Deepak Natraj, Girish Mathrubootham, Mahesh Murthy, Pallav Nadhani, Pavan Ongole, Sandeep Mathur, Vijay Shekhar Sharma & Others",1
"Kalaari Capital, SAIF Partners, Steadview Capital, Sequoia Capital",1
"Konglo Ventures, White Unicorn Ventures, LetsVenture",1
BookMyShow,1
"Softbank Ventures Korea, IMM Investment",1
"Indian Angel Network (IAN), BEENEXT, The Chennai Angels, Sunil Munjal",1
"Kunal Shah, Sandeep Tandon, Nitin Saluja, Gagan Goyal",1
"Pankaj Rungta, Yogesh Agarwal",1
"Ishan Manaktala",1
"Chandigarh Angels, Ashish Gupta, Rohit, Ashish Chand, Sunil Singh & Others",1
"Brand Capital, Paragon Trust",1
"TV Mohandas Pai, V Balakrishnan, PV Srinivasan",1
"K2 Capital",1
"Anand Chandrasekaran, Rajiv Mehta, Ramakant Sharma",1
"Vishal Malik",1
"DanGold Investment Corp",1
"Marico Innovation Foundation (MIF), Villgro",1
"India Nivesh Growth Fund, Sixth Sense, TCI Ventures",1
"BlackSoil Capital Pvt Ltd",1
"Mayfield India, Trifecta Capital",1
"Vedanta Capital, William Campbell, Toos N Daruvala",1
"Aavya Ventures",1
"Vinod Martin, Evan Lim, Kanchan Ghoshal, Ram Kumar Kakani",1
"Ronnie Screwvala",1
"Zishaan Hayath, Karan Chellani, Mohit Satyan",1
"IDG Ventures, Endiya Partners",1
"Lohia Group, Andre Hoffman",1
"Deutsche Telekom Strategic Investments & Others",1
"Vividhity Ventures",1
"Blume Ventures, Girish Mathrubootham, Aprameya Radhakrishna",1
"Axilor Ventures, Parampara Early Stage Opportunities Fund & Others",1
"Harsh V. Pant, Ratheesh Raveendran",1
"Nexus Venture Partners, Innoven Capital",1
"Menterra Social Impact Fund, Unitus Seed Fund",1
"India Quotient and others",1
"Ajith Nair, Anish K",1
"Amajit Gupta, Praveen Dubey, J.P. Bhatt",1
"Rajasthan Venture Capital Fund",1
"Mumbai Angels Network, Fireside Ventures, Singapore Angel Network",1
"SB Ventures",1
"Singularity Ventures",1
"Indian Angel Network, Native Angels Network",1
"SD Group",1
"Bessemer Venture Partners, Stellaris Venture Partners, Jungle Venture Partners, Axis Capital",1
"Umang Moondra",1
"Singapore based investor",1
"YourNest Fund II",1
"CapitalG, Sequoia India",1
"Indochine International",1
"Iron Pillar and IIFL, Blume Ventures, Omidyar Network",1
"GMO Japan, Neelesh Bhatnagar",1
"East Ventures & Others",1
"Sharad Sharma, Rajan Anandan,Â  Amit Ranjan, Alok Mittal & others",1
"Senovo, Unternehmertum Venture Capital, Alexander Bruehl",1
"ABM Knowledgeware",1
"Dream Incubator",1
"V Aanand R",1
"Rajesh Yohannan, Puthen & Cole",1
"Sanjay Mehta & Others ( The Ten Minute Million)",1
"Chandigarh Angels Network (CAN)",1
"SQue Capital, Grace Capital Ventures, Soham Vencaps",1
"DSG Consumer Partners, American Express Ventures, Cyber Carrier VC, AdvantEdge Partners",1
"Songhyun Investment",1
"Lakshmi Vilas Bank & undisclosed HNIs",1
"Grace Capital Ventures",1
"Ajith Sukumaran, Currae Healthtech Fund",1
"The Chennai Angels, LetsVenture",1
"Investors from Mumbai Angels & LetsVenture",1
"Mohan Kumar, V. Balakrishnan",1
"Venk Krishnan, MJ Aravind, Vikram Kotak, Jayant Davar,Â  Ramkumar Nishtal, Arjun Sharmaa",1
"Calcutta Angel Network, Appliyifi",1
PayU,1
"Max Ventures and Industries",1
"Verlinvest SA",1
"Axilor, undisclosed investors",1
"Siddhartha Gupta, Ashvin Chadha",1
"Omidyar Network",1
"India Quotient, Rajul Garg, Rajesh Yabaji, Chanakya Hridaya, Ramasubramaniam B, Vishwanathan, Nobel House, Sunstone Capital",1
"Zodius Technology Opportunities Fund, Matrix Partners",1
"FiNC, GHV",1
"Lead Angels Network, Anbu Pandian, Prabhakar MR & Others",1
"V. Krishna Prasad, Bhupen Shah & Others",1
"Swastika Investmart Ltd",1
"Digital Financial Service Lab",1
"WRV Capital and IndusAge Partners, Infosys Innovation Fund",1
"Sequoia Capital India, North Base Media, Aarin Capital, 3one4 Capital, Axilor Ventures, Kunal Shah, Sandeep Tandon",1
"Epsilon Venture Partners",1
"KTB Network, SAIF Partners, BEENEXT, Digital Garage",1
"Ajith Nair",1
"Cyber Carrier CL",1
"International Financial Corporation",1
"Dr. Apoorv Ranjan Sharma, Anil Jain, Anuj Golecha, Krishna Jhunjhunwala, Anirudh Damani",1
"Indian Angel Network, Letâ€™s Venture",1
"Fireside Ventures & Others",1
"HCS Venture capital fund",1
Taxmann,1
"Kaushal Agarwal, Harminder Sahani, KK Mehra, Pranay Jivrajka, Navjot Saini",1
"Ivy League Alumni Angel Network",1
"Incubate Fund, Lead Angels Group & Others",1
"Pradyumna Dalmia, S. Somasegar & Others",1
"Ajay Relan",1
"The Chennai Angels, Ritesh Mehta, Aruna Ganesh Ram",1
"Lead Angels, Mumbai Angels, LetsVenture, Girish Mathrubootham, Anbu Pandian",1
"WaterBridge Ventures,",1
"CoCreate Ventures",1
"RB Investments,Â  Kaleden Holdings",1
"Kedar Lele, GHV Accelerator",1
"Calcutta Angels Network, LetsVenture, Anupam Mittal, Currae Healthtech Fund",1
"Raman Roy, Ashish Gupta, Yogesh Andlay, Vaibhav Jain",1
"3one4 Capital, Mumbai Angels, Aarin Capital",1
"Unilazer Ventures,",1
"Gati Ltd",1
"Aavishkaar Venture Management",1
"Ameera Shah, Vivek Bhargava",1
"A M Sikander",1
"IDG Ventures, Accel Partners",1
"Justin Kan, Qasar Younis, Paul Bucche, Susa Ventures, Kima Ventures, Axan Venture, SCM Holdings",1
"ADAG Reliance Private Equity",1
"YourNest Angel Fund, iSON",1
"Gleevoaz Ventures",1
"Arun Seth, T.V. Mohandas Pai, Anand Chandrasekaran, Deepak Ghaisas",1
"Kalaari Capital, IDG Ventures India",1
"Sequoia India, BEENEXT, Helion Ventures",1
"SAIF Partners, IDG Ventures India",1
"RTP-HC, Wonder Ventures, Techstars Ventures & Others",1
"Pramod Bhasin",1
"Times of India Group & Existing investors",1
"R.S Sharma",1
"Omnivore Capital",1
"Hitesh Windlass",1
"Asuka Holdings",1
"Devdeep Singh",1
"Kae Capital, Khosla Impact",1
"Softbank Group",1
"Vivek Bhargava, Ameera Shah",1
"YMS Mobitech",1
"Sanjai Vohra, V. Bunty Bohra",1
"Undisclosed multiple investors",1
"Delta Partners, Sequoia India,Â  Mayfield, Blacksoil, Trifecta Capital",1
"IDG Ventures, Axilor Ventures",1
"Lightspeed Venture Partners India, Lightspeed US",1
"Dr. Pooja Gandhi",1
"Venture Highway",1
"Lightspeed India Partners, SAIF Partners, India Quotient, Venture Highway",1
"Blume Ventures, BEENEXT, Barkawi Holdings GmbH, TM Service Technology Holdings Gmbh, Sreevathsa Prabhakar",1
"Girish Mathrubootham, VC Karthic, Miten Mehta, Umasankar Nistala, Rakesh Patel, Akash Bhavsar, Jeevanandhan Rajagopal, Vikas Chadha & Others",1
"Reliance Entertainment",1
"Paytm, Aprameya Radhakrishna, Subramanya Venkat, Venk Krishnan",1
"Manish Maheshwari, Contrarian Vriddhi Fund",1
"Mohit Sharma",1
"Prime Venture Partners, Kalaari Capital",1
"Silver Range Investments, Lumina Datamatics, Shun Yoshida & Others",1
"Anand Sankeshwar, Yang Shu",1
"Shekhar Sahu, Nitesh Pant",1
"Dileep Bhatt, Milind Chaudhary",1
"Krishna Rokhale",1
"Menterra Social Impact Fund",1
"Blume Ventures & Others",1
"TVS Group",1
"Mahindra Univeg",1
"Recruit Holdings",1
"American Express Ventures, Sequoia Capital",1
"IDG Ventures, Indian Angel Network (IAN), YourNest Angel Fund",1
"Mahindra Holidays & Resorts India Ltd",1
"BeeNext, TV Mohandas Pai, Kunal Shah, Sandeep Tandon",1
"Naveen Arya, Tarun Joshi",1
"Accel Partners, Jungle Ventures, SeedPlus",1
"Xchange Investors NV, TransGlobal FZC",1
"Vijay Shekhar Sharma, Pravin Gandhi,Â  Smart Start Fund; Kunal Shah,Â  Sandeep Tandon, Vishal Gondal, & Others",1
"Mistletoe, M&S Partners",1
"Zodius Capital, Kalaari Capital, Qualcomm Ventures, Russian venture capital fund Ru-Net, Mumbai Angels",1
"White Unicorn Ventures, Kae Capital, Mumbai Angels",1
"Indian Angel Network, Healthsquad, Axilor Ventures",1
"Kiran Mazumdar-Shaw, Unitus Seed Fund",1
"Ventureast Fund Advisors",1
"Sumpoorna Group",1
"Helion Venture Partners, BeeNext",1
"HAX Accelerator",1
"HDFC, Faering Capital, Elevate Sports",1
"Sanjay Nayar, Vikram Sud, Anil Jaggia, Narayan Seshadri",1
"Radhakrishnan Natarajan & Others",1
"Nitin Passi, Manickam Mahalingam, Udaan Angels, Rajesh Arora, Arkas Industries",1
"GrowX Ventures, Sunil Kalra, Arun Venkatachalam,Â  Badal Malick",1
"India Quotient, FAO Ventures, Indian Angel Network, Tushar Singh, Ranjan Sharma",1
"Virendra Patel",1
"Quarizon Consultancy Services LLP",1
"Karan Bhagat",1
"ByteDance, Arun Sarin, Matrix Partners, Sequoia Capital India, Omidyar Network,Â  Falcon Edge",1
"Mayank Shah, Shreyans Shah",1
"Vishnu Bhat, Rajiv Lunkad, Naresh Ravindranath",1
"Boman Irani, Dhruv Chitgopekar, Prantik Dasgupta",1
"Hemant Sahni",1
"Bravia Capital",1
"Newbie Promoters",1
"General Catalyst Partners",1
"Hyderabad Angels, TLabs",1
"Lightbox Ventures, Axis Capital & Others",1
"Saama Capital, Raghunandan G, Aprameya Radhakrishna",1
"Next Orbit Ventures Fund",1
"Ranjan Pai",1
Mobikon,1
"Helion Ventures, Blume ventures",1
"Janak Jain",1
"IIFL Seed Ventures Fund, Mayfield Ventures",1
"Lalit Vase",1
"Astarc Ventures, Anand Chandrasekaran",1
"hooting Starts Sports LLP, Franchise India Brands",1
"1Crowd, Eureka Forbes Ltd, Shapoorji Pallonji & Co. Ltd.",1
"Hero MotoCorp",1
"Ajay Nanavati, Afsal Salu",1
"Aarin Capital, Michael Herzig, Ashish Lakhanpal",1
"Karanpal Singh & Others",1
"Sequoia India, Exfinity Ventures, growX ventures,",1
"Pradeep Dhobale",1
"Amit Choudhary",1
Grasshoppers,1
"Anita Dongre, Yash Dongre, Milind Sarwate",1
"William Bissel",1
"Infina Finance Pvt. Ltd, Uday Kotak",1
PremjiInvest,1
"Venturra Capital, Sequoia India, Susquehanna International Group.Â  Wavemaker Partners, Beenext, Beenos, Digital Garage",1
"InnoVen Capital India",1
"Earlsfield Capital, Sailender Solanki, Rajiv Solanki",1
"CareerNet Consulting Pvt. Ltd, Ideation Initiative Pvt. Ltd,",1
"Ravi Linganuri",1
"Dr. Rameshwar Kumar",1
"havya Sharma, Amit Nagar",1
"Harinder Takhar, Zain Raj, Dr. Prasad Kaipa, Abaran Deep, Aseem Sood, Mustafa Patni",1
"Augment Ventures, Rahul Kayan, Nikhil Golcha, Shubham Gupta, Roy Kwan",1
"Fork Media",1
"Sunil Munjal, Mariwala family",1
"Pradeep Mirani, Aqeel Ahmed, Anand Ladsariya, Nitin Agarwal",1
"Raj Singh Bhandal",1
"Indian Angels Network",1
"BlackSoil Capital Pvt. Ltd.",1
"Calcutta Angels Network",1
"Balasubramanian Krishnamurthy, Sidhartha Hazarika & Others",1
"Scadea Solutions Inc",1
"Dheeraj Jain, Palash Jain, Anupam Mittal, Ameera Shah,Â  Vivek Bhargava, Rahul Singh, Ambarish Gupta,",1
"Lightbox Ventures and others",1
"Ganesh Narasimhan, Ramana Thumu, Sudhir Mallem",1
"Sumit Jain",1
"KellyGamma, Lead Angels & Others",1
"Goldman Sachs Group, Zodius Technology Fund, Norwest Venture Partners, Bertelsmann India",1
"Lothal Angel Ventures",1
"Accel Partners, Beenext, Powerhouse Ventures, Akusa Holdings",1
"Rebright Partners",1
"Currae Healthtech Fund, Unicorn India Ventures",1
"Vertex Ventures, Cisco Ventures, IDG Ventures",1
"Rohit MA",1
"Idea Wave Labs",1
"Prashant Tandon, Gaurav Agarwal, Gaurav Bhogle, Shrishti Sahu, Shantanu Mathur, Prabhat Aggarwal",1
"Scale Ventures Funds",1
"Procam International Pvt. Ltd",1
"Flipkart Logistics Pvt. Ltd",1
"Pratik Seal",1
"Swastika Co Ltd.",1
"Endiya Partners",1
"Now Capital",1
"Kanwaljit Singh, Ajay Lakhotia, Pavan Ongole, Ashish Gupta",1
"Blume Ventures, Mumbai Angels, ah! Ventures, Digital Currency Group, Boost VC, Bank to the Future and Funders Club",1
"Bhavin Turakhia",1
"Rajasthan Angel Innovators Network",1
"Sequoia Capital India, Omidyar Network, Kae Capital",1
"Mudit Saxena, Evan Lim",1
"Syska LED group",1
"Lumis Partners, The HR Fund, Rajul Garg, Quintillion Media",1
"Venk Krishnan, Aprameya Radhakrishna, Anupam Mittal, Kunal Shah, Tracxn Labs, Subramanya SV, Ravi Garkipati",1
"Binny Bansal, Anupam Mittal, Sachin Bhatia, Darius Pandole, Kunal Khattar, Dheerag Jain",1
"Paul Roy",1
"Existing Investors",1
"Inventus Capital Partners, Blume Ventures & Others",1
"Promatus Group",1
"Geniee, Inc, Purvi Capital",1
"Swastika Company Ltd.",1
"1Crowd (through crowd funding)",1
"Anupam Mittal, Sharad Sharma & 14 others",1
"Noshir Kaka, Subramanian Ramadorai, Kiran Deshpande, Pankaj Gupta, Ravi Nigam & Others",1
"Gujarat Venture Finance Limited (GVFL), Bennett Coleman & Co. Ltd",1
"Khattar Holdings, ThirtyThree Investments, Soumitra Sharma, Deepak Sharma, Sumit Dayal and others",1
"1Crowd (through crowdfunding)",1
"Norwest Venture Partners, Accel India",1
"Mukul Singhal, Rohit Jain, Himanshu Aggrawal, Sunil Goyal Ashish Gupta,",1
"Westbridge Capital Partners",1
"HT Media Ltd, North Base Media",1
"Anand Chandrasekaran, Kanwaljit Singh, Manoj Varghese",1
"Ashvin Chadha",1
"Powerhouse Ventures, M&S Partners",1
"Anand Chandrasekaran, Ananth Narayanan, Mekin Maheshwari, Ravi Garikipati, Divyesh Shah, Swastika Company Ltd",1
"Undisclosed Dubai based HNIs",1
"Swan Angel Network,Sachin Khandelwal and others",1
"SeedPlus, Infocomm Investments, Accel Partners RNT Associates",1
"Kashyap Deorah, Rajul Garg, Maninder Gulati",1
"Speridian Technologies",1
"Aspire Systems",1
"Satish Vasudeva, Madhusudhan Jujare & Others",1
"Saha Fund, Exfinity Venture Partners & Others",1
"Vijay Kedia",1
"Riju Gupta, Kamal Chabra",1
"Dr. Goutam Challagalla",1
"Outbox Ventures, Jaspreet Bindra, Arjun Malhotra, Rohan Malhotra, Sidharth Rao, Rakesh Agrawal",1
"ah! Ventures, Anupam Mittal, Kunal Shah, Sandeep Tandon, Dheeraj Jain, Rohit Chokhani",1
"Blume Ventures, Sachin Bansal, Vijay Shekhar Sharma, Binny Bansal,Â  Kunal Shah, Sandeep Tandon, Ashish Tulsian",1
"Vineet Taneja, Kamal Puri",1
"Mohit Lalvani",1
"Michael and Susan Dell Foundation",1
"Kunal Shah, Sandeep Tandon, Tracxn Labs",1
"Scale Ventures",1
CureFit,1
"Fireside Ventures, Investopad, P39 Capital, Anupam Mittal, Pranay Jivrajka, Maninder Gulati, Abhinav Sinha",1
"Globevestor Angel Fund, Devendra Rane, Ravi Jain,Â  Arpan Nagdeve",1
"Ford Smart Mobility Llc",1
Instalabs,1
"Undisclosed Ex Mckinsey Directors and Partners",1
"Kunal Shah & Sandeep Tandon, Girish Mathrubootham, Anand Chandrasekaran",1
"Dr. Abhishek Pandey, Jaysukh Sapra",1
"Hitouch AG",1
"Undisclosed HNI investors",1
"Bessemer Venture Partners, Jungle Ventures, Helion Ventures",1
"Rajasthan Angel Investor Network & Others",1
"Ashutosh Lawania, Rajul Jain, Badal Malick, Rishi Gupta & Others",1
"Sophia Investment ApS",1
"Ambit Pragma",1
"IDG Ventures, Sequoia Capital, GREE Ventures",1
"Sarbvir Singh, Raghav Bahl",1
MasterCard,1
"3one4 Capital, Tracxn Labs, Aaruha Technology Fund, Endiya Partners",1
"Zaffiro Ventures",1
"Sequoia Capital, SD Ventures, Vistaar Investment Advisors Pvt. Ltd.",1
"Accel Partners, IDG Ventures, Kalaari Capital",1
"Deepak Gupta",1
"Aramex Ventures Llc",1
"IIFL Wealth Management Seed Venture Fund, Omidyar Network, Khosla Impact, Aspada",1
"YourNest Angel FundÂ  & Others",1
"Sequoia Capital, Rohit Bansal, Kunal Bahl, Sandeep Tandon, Kunal Shah, Zishaan Hayath,Â  Abhishek Jain",1
"Gaurav Singhvi, Zaffiro Ventures",1
"Kirthiga Reddy, Renuka Ramanath,Cherry Tin",1
"Kalaari Capital, Qualcomm Ventures, ru-Net, Zodius Technology Opportunities Fund,",1
"AVG Group, 500 Startups",1
"Rothenberg Ventures",1
"Alex Chua, Rahul Garg",1
"JSW Ventures, Blume Ventures & IvyCap Ventures",1
"Brian Acton",1
"JSW Ventures, Omidyar Network, Sattva Capital, Venture Works",1
"Stanford Angels & Entrepreneurs, Harvard Angels",1
"Mumbai Angels,Â  Times Internet",1
"Ashish Mahajan, Sarvesh Sharma",1
"Rishi Parti, Yogesh Bansal",1
"Ajay Piramal",1
"Tracxn Labs, Hyderabad Angels, Kunal Shah, Gaurav Bhalotia",1
"Accel Partners, IDG Ventures India",1
"Jaspal Bindra, Parth Jindal",1
"Keiretsu Forum",1
"Plug and Play Tech Center, Steelhead Ventures & Others",1
"Sumit Jain, Sumit Jain, Anurag Gupta, Varun Khanna, Faraz Khan",1
"GEMS group",1
"Abhijit Avasthi, Karan Chellani, SP Vijay",1
"Times Internet, Innoven Capital, Matrix Partners India, Qualcomm Ventures",1
"IIFL and Accel Partners, Kalaari Capital, IvyCap Ventures, RB Investments",1
"Intelli Reboot Digital Pvt. Ltd",1
"Satish Jamdar",1
"Star India Pvt. Ltd",1
"Franklin Templeton International Services Pvt. Ltd",1
"Green House Ventures Accelerator",1
"Abhishek Agarwal, Krishnakumar Nataraj, Sarath Sura, Shanti Mohan, Sarthak and Nihit Agarwal, Suramya Gupta",1
"Nilesh Shah",1
"Nihon Kotsu Co",1
"Swastika Company Pvt Ltd",1
"Verlinvest, DSG Consumer Partners",1
"Beenext, Digital Garage, Lightbox, Beenos",1
MapmyIndia,1
"MadhanKumar Madathupalayam",1
"Romulus Capital",1
"Sreenivasa Reddy Musani",1
"Sequoia Capital, Unitus Seed Fund",1
"Yeahmobi, Fenqile",1
"Microsoft Ventures, Salesforce Ventures",1
"Sarath Sura",1
"Kae Capital, Kunal Shah, Sandeep Tandon",1
"Sanjiv Rai",1
"Kunal Shah, Aneesh Reddy, Tracxn Labs, Venkat Tadanki, Krishna Mehra, Amit Rathore",1
"Axiata Digital",1
"Ankit Maheshwari, Anand Singh",1
"BlackJag Partners",1
"Cameron Jones",1
"Ritesh Dwivedy, Priti Padhy",1
"3 undisclosed HNIs",1
"CIO Angel Network, Indian Angel Network",1
"Vivek Joshi, Mohit Satyanand, Amit Banati, Arun Khanna",1
"Ratan Tata, Bhavish Aggarwal, Ankit Bhati, Binny Bansal, Girish Mathrubootham",1
"Viridian Capital",1
"Valpro Capital and existing investors",1
MCube8,1
"You & Mr Jones, Fortisure Ventures, Diaz Nesamoney",1
"Saama Capital, Blume Ventures & Vaibhav Domkundwar",1
"IvyCap Ventures and Unicorn India Ventures",1
"Atul Ingle",1
"Guy Oseary",1
"Nimmagadda Prasad",1
"Ravi Adusumalli, SAIF Partners",1
"New Enterprise Associates (NEA), Blume Ventures",1
"BetOnIndia Technology Pvt Ltd",1
"Sanjay Verma, Amit Khanna (LetsVenture)",1
"Hamraj Kumar",1
"Timbru Ventures",1
"Concur Technologies, Gund Investment",1
IndiaMart,1
"Bitkemy Ventures",1
"Unicorn Venture",1
"CP Bothra",1
"RB Investments PTE Ltd, Orios Venture Partners",1
"Rahul Kirloskar, Fusion Tech Ventures, Adi Saravanan, Pravin Dongre, Mahendra Doshi",1
"Purvi Ventures, Rajul Garg, Vipin Arora",1
"Rise India",1
"Jitendra Gupta, Pankaj Tripathi",1
GVFL,1
"SAIF Partners, Aprameya Radhakrishnan, Phanindra Sama, Subba Rao Telidevara, Vibhu Garg, Paula Ravindra Mariwala, Gaurav Bhalotia",1
"Kanodia family, Amit Banka",1
"GVFL Ltd",1
"Accel Partners, RB Investments",1
"Bertelsmann India Investments, Mayfield India, Saama Capital, India Quotient",1
"Sanjeev Sinha",1
"Soniks Consulting",1
"Harsh Vardhan Hada",1
"Piyush Jain",1
"Uniqorn Ventures Fund, TV Mohandas Pai, S Somasegar",1
"Aarin Capital",1
"Omidyar Network, Accel Partners & existing investors",1
"Carpediem Capital & Others",1
"Niloufer Dundh, Fauzan Rahim, Balamurugan Mani,",1
"Ankush Mehta",1
"StartupXseed Ventures",1
"Shruth & Smith Group, Hermes Group",1
"Rohan Angrish, Hrishi Oberoi, Rahul Mehta, Kapil Hetamsaria, Pranav Dedhia",1
"Sistema Asia Fund, Helion Venture, VentureEast, India Alternatives",1
"IDG Ventures, Inventus Capital, Indian Angel Network",1
"Group of undisclosed Angel Investors & HNIs",1
"Rajul Garg & Others",1
"Exfinity Venture Partners, Blume Ventures, BeeNext, Rajesh Ranavat",1
"Roopak Saluja, Vishal Khare",1
"Manish Kheterpal, Vinay Mittal, Dinesh Mittal, Sandeep Gupta",1
"IDG Ventures India, Inventus Capital, Blume Ventures",1
"Accel Partners, Matrix Partners, Girish Mathrubootham",1
NanoHoldings,1
"Norwest Venture Partners, DST Global, Accel Partners",1
"JM Financial Products Ltd, Arun Tadanki, Doreswamy Nandkishore, Kshitij Jain",1
"Blume Ventures, Rajan Anandan, Sumit Jain, Aprameya Radhakrishna, Sujeet Kumar, Phanindra Sama",1
"Creation Investments Capital Management, SAIF Partners, Sequoia Capital, Aspada Ventures",1
"GROUPE SOS",1
"Rakesh Gupta, Aditya Aggarwal, Siddharth Banerjee, Vikas Ranjan, Anshul Jindal, Sunil Koul, and Sanjeev Agrawal",1
"Phanindra Sama, Raghunandan G,",1
"Anurag Chauhan",1
"Matrix Partners, Nexus Ventures",1
"Undisclosed Investors & Tamarind Family Private Trust",1
"S Chand, AdvantEdge Partners",1
"Kinnevik Group, Rocket Internet",1
"Rata Tata",1
"Undisclosed investors, Accel Partners, Helion Venture Partners",1
"Anupam Mittal, Anuj Srivastava, Ankit Nagori",1
"Katabole Technology Venture",1
"Subramanya SV",1
"Kaizen Management Advisors, DeVry Inc",1
"Sujeet Kumar, Aprameya, Sumit Jain, Subramanya Venkat, Venk, Ravi Machani, Hitesh Gupta, Rohit Choudhary",1
"Chatsworth Management, ITW Digital",1
"Pradeep Reddy Kamasan",1
"MCube Capital Advisors Pvt Ltd",1
"Sudhir Mehta",1
"FF Angel, Sequoia Capital",1
"Accel Partners, Indian Angel Network, India Innovation Fund India Venture Partners",1
"Kunal Shah, Sandeep Tandon",1
"Anirudh Damani, Vikram Lakhotia",1
"Ashish Gupta and other undisclosed investors",1
"HT Media Ltd",1
"NSI Infinium Global Pvt. Ltd",1
"HBM Healthcare Investments",1
"Nelstone Ventures, Transmedia Capital, Maiden Lane Ventures, CSC Upshot & Angel investors",1
"Raman Roy",1
"Indian Angel Network, Alok Sharma, Kris Gopalakrishnan, Saurabh Srivastava, and Ajai Chowdhry",1
"Vineet Singh",1
"Equentia Natural Resource & Other undisclosed investors",1
"Xiaomi Inc",1
"N.S. Raghavan Centre for Entrepreneurial Learning",1
"Mukesh Bansal",1
"Blume Ventures, Barkawi Holdings GmbH, TM Service Technology Holdings GmbH",1
"DTDC Express Ltd",1
Ninestarter,1
"Nazara Technologies Pvt Ltd",1
"IDG, Indian Angel Network",1
Villgro,1
"Mahendra Patel, Nilender Chauhan",1
"Rattan Chadha",1
Wingify,1
"Prashant Puri",1
"Kris Gopalakrishnan, Dr. Ranjan Pai",1
Shaan,1
"Anirudh Damani, Daud Ali, Narendra Karnavat, Vikas Kapoor, Vikram Lakhotia, Krishna Jhunjhunwaala, Jayesh Shah",1
"Anil Kapoor",1
"Pravin Khandelwal, Yatin Kumar Jain",1
"Dr. Aniruddha Malpani",1
"Dr. Sridhar Ramaswamy, Rakesh Mathur",1
"Prime Venture Partners,",1
"StartUp Equity Partners",1
"Rajeev Agrawal, Prashant Gooty",1
"Ram Shriram, Neeraj Arora, Puru Vashishtha",1
"Mount Nathan Advisors",1
"Mahavir Pratap Sharma, Ajay Data, Yogesh Chaudhary, Sanjay Phophaliya, Siddharth Agarwal, Kamal Kothari",1
"Naturals Salon Chain",1
"Vivek Nathani, Yogesh Chaudhary, Mahavir Pratap Sharma, Kamal Kothari, H C Jain",1
"Pawan Munjal, AdvantEdge Partners, Astarc Ventures",1
"Ajay Data & other HNIs",1
"Mitin Patel, Gaurav Agarwal",1
"Paytm & existing investors",1
"Bhavish Aggarwal, Ankit Bhati",1
"Stanford Angels, LetsVenture, Chennai Angels, Hyderabad Angels, Mumbai Angels",1
"Man Capital",1
"RN Agarwal",1
"Maverick Capital Ventures, Sequoia Capital, Omidyar Network",1
"YourNest Angel Fund, Rajul Garg",1
"Undisclosed Angel investors & HNIs",1
"Blume Ventures, Adil Allana, Aprameya Radhakrishna, Gautam Ivatury, Signal Point Partners",1
"Ajay Data & undisclosed HNIs",1
"M&Y Partners, SVG Media, Anthil Ventures & others",1
"Mayfield India II Management Ltd",1
"Inventus Capital Partners, HR Fund",1
"NTT Finance, Telephone Corporation",1
"GrowthStory, Apurva Salapuria, Hitesh Oberoi, Sidharth Pansari, Nirupa Shankar",1
"IDFC SPICE Fund, Micromax Informatics",1
"Max Levchin, Scott Banister",1
"Bertelsmann India Investments",1
"Farooq Oomerbhoy, Anupam Mittal, Anand Mittal, Ravi Garikipati, Vibhu Garg, Singapore Angel Network, Konglo Ventures",1
"Nandan Nilekani, Helion Ventures, Omidyar Networks, Blume Ventures",1
"Blume Ventures & Other unnamed Investors",1
"Rebright Partners, Anand Rajaraman, Venky Harinarayan",1
"RB Investments, Fundnel",1
"S Chand & Co",1
"Lip-Bu Tan, Michael Marks, Nicolas Braithwaite",1
"Kludein LLCPhanindra Sama, Narayan Ramachandran, Pranav Pai",1
"Nandan Nilekani, Accel Partners",1
"Dino Morea",1
"Blinc Advisors, Amit Nanavati, Tashwinder Singh, Taranjit Jaswal, Amit Khanna",1
"Matt Glickman",1
"YourNest Angel Fund,",1
"Sudhir Mehta, Anoop Hingorani",1
"Manoj Kumar & Other undisclosed investors",1
"Daman Soni, Rajat Gupta & Others",1
"Mohit Gulati",1
"Artiman Ventures",1
"Ruchirans Jaipuria, Anuj Sanghi",1
"Accel Partners, Qualcomm Ventures, M&S Partners, Zop Smart",1
"Rebright Partners, Sol Primero, Sudhir Anandarao, Ankur Warikoo, Ankur Singla",1
"Unicorn Ventures",1
"Naveen Tewari, Abhay Singhal, Amit Gupta, Piyush Shah, Raghunandan G, Rajiv Mehta",1
"Vijay Krishna Yadav",1
"Apoorv Ranjan Sharma, Daud Ali and others",1
"Undisclosed Japanese investor, Bertelsmann India Investments, Nirvana Digital India Fund, Nirvana Digital Investment Holding Co Ltd, 500 Start-Ups",1
"Aspada Investment Advisors, Blume Ventures.",1
"Amadeus Capital",1
"Vipul Parekh, ajesh K Murthy,",1
"PurpleTalk Inc",1
"Amit Choudhary, Anuj Puri",1
"Dheeraj Jain & Other angel investors",1
"Puneet Gupta,",1
"Raj Gala Shah, Zaheer Memon",1
"Ignition Partners, Greycroft Partners, Fidelity Growth Partners India",1
"Mohit Goel",1
"Janak Parikh",1
"Hari Krishna, Ajay Modani, Dr V Ravinder, Anirudh Rastogi, Abhishek Jain, Rakesh Gakhar, Rajeev Mudumba, Nagendra Prasad Bhanuprakash",1
"Agarwal Movers Group",1
"Hemang Sahani",1
"S Chand and Co Pvt Ltd, Blume Ventures",1
"Funding through 1Crowd platform",1
"Alex Kuruvilla, Pradeep Guha, Saket Dhankar, Rajan Pandhare",1
"Chandrashekar Tallapragada, Pankaj Kapoor",1
"Kris Gopalakrishnan, Atul Nishar",1
"Zishaan Hayath, Abhishek Goyal, Arjun and Rohan Malhotra, Harpreet Singh Grover, Gagan Dugal",1
"Rannvijay Singh, Anita Hassanandani",1
"Sashi Reddi & Other unnamed investors",1
"Naveen Gupta",1
"Google Capital",1
"CASHurDRIVE Marketing Pvt Ltd",1
"Indian Angel Network, Tracxn Labs & Others",1
"Sachin Tendulkar",1
"Rajul Garg, Alok Mittal, Kunal Shah, Rishi Mandawat, Dheeraj Jain, Sandeep Tandon, Dexter Angel Circle",1
"Pix Vine Capital, Infocomm Development Authority of Singapore",1
GAIN,1
"Devidas Desai, Vipul Gautam, Singapore Angel Network",1
"Indian Angel Network,",1
"500 Startups, Littlerock, Singularity Ventures",1
"BitChemy Ventures, Maheshwari Investments Pvt Ltd, Anshoo Gaur, Rama Krishna Reddy, Sandeep Seerapu",1
"Bhavish Aggarwal, Binny Bansal,Â  Rajan Anandan, Mekin Maheshwar, Sunil Kalra, Anupam Mittal, Krishna Mehra, Singapore Angel Network",1
"Broadbean Capital services",1
"Bharanidharan Viswanathan, Sanjiv Mittal, Shobhit Shukla, Rahul Agarwal",1
"Robin Utthappa",1
"Rajul Garg, Daljit Singh, Aditya Vij, Kishore Kumar, Shuchin Bajaj",1
"Sarva Capital",1
"Jay Vijayan",1
"SoftBank Ventures Korea",1
"Alok Mittal, Amit Gupta, Anuj Srivastava, Himanshu Aggarwal, Raghunandan G, Puneet Agarwal",1
"Mohandas Pai, Hiro Mashita, Singapore Angel Network, 500 Startups, Rajan Anandan, Ajay Sarupria",1
"Wipro Ventures,Â  Lumis Partners",1
"T V Mohandas Pai,Â  Aarin Capital",1
"Dunamis Ventures Pte Ltd.",1
"Ingram Content Group",1
"Oranda Global & Others",1
"TV Mohandas Pai, Aarin Capital",1
"Sherpa Capital, Nyca Partners and Thomvest Ventures",1
"Vandana Luthra,",1
"Raghunandan G, Venturesity, Arihant Patni",1
"Saha Fund, TV Mohandas Pai, Zia Mody, Mumbai Angels, Ananda Kallugadde, Rakesh Desai, Rakesh Malhotra",1
"Mohit Goel, Vinod Jain & Others",1
"Vinod Bansal, Sanjeev Singhal",1
"Mahesh Parasuraman, Rahul Gautam & Others",1
"SAIF Partners, IDG Ventures India, Vertex Ventures, Valiant Capital",1
"Endiya Partners, Mekin Maheshwari, Rajesh Sawhney",1
"India Ventures, Aarin Capital & Others",1
"Edelweiss Financial Services",1
"Lion Ventures",1
"Aqeel Ahmed",1
"Atul Jain, Anil Gelra, Jaikumar Nair",1
"Jaideep Mehta",1
"Sachin Dalal",1
"Jayabalan Subramanian",1
"Alok Rawat, Grey Orange Robotics",1
"Sunil Mehta",1
"Aspada Advisors, IDG Ventures,Â  Inventus Capital",1
"Saumya Tandon",1
"Mukesh Kumar Gupta",1
"Vaibhav Doshi, Abhay Singhal, Vibhu Garg, Joby Babu, Abhishek Acharya, Manish Shah",1
"Blume Ventures,Â  Tracxn Labs",1
"Ranjit Singh",1
"GrowX Ventures, Kunal Shah, Sandeep Tandon, Haresh Chawla, Powai Lake Ventures, Globevestor",1
"Virendra Shekhawat, Deepak Chokhani, Yogesh Patel & Others",1
"Brand Capital, Siddhivinayak Skyscrapers, Dinesh R. Challa",1
"Vishwadeep Bajaj & Others",1
"Rajnish Sinha, Prijit Debnath, Kanchan Ghoshal",1
"KWAN Entertainment & Marketing Solutions, Powerhouse Ventures & Others",1
"Dr Nandish Domlur, Amit Sandill",1
"Michael & Susan Dell Foundation",1
"Lightspeed Venture Partners, K Ganesh",1
"Sujal Shah, Dino Morea",1
"Nandan Nilekani, Mohandas Pai, Neeraj Arora, Anand Rajaraman, Girish Mathrubootham, Aneesh Reddy & Teruhide Sato",1
"Farooq Oomerbhoy & Other angel investors",1
"Qualcomm (Through QPrize Contest)",1
"Mohandas Pai, Varun Aggarwal",1
"Purvi Ventures & Others",1
"3 undisclosed investors",1
"Nitin Bagmane & Other undisclosed investors",1
"Sachin Bansal, Binny Bansal, Accel Partners & Others",1
"IvyCap Ventures, Orios Venture Partners, Mayfield India",1
"Omidyar Network,Â  Vikram Lal, Abhijit Bhandari, Mahesh Murthy, Shashank Bhagat",1
"Rocket Internet AG, Holtzbrink Ventures, New Enterprise Associates (NEA), e.ventures, ru-Net, Deutsche Telekom Strategic Investments (DTSI), Silicon Valley Bank",1
"StartupXseed Ventures, The Phoenix Fund and others",1
"Yajnanarayana Kammaje",1
"Beenext, Digital Garage, Beenos, Qualgro, Mamoru Taniya, SAIF Partners",1
"Varun Aggarwal, Suresh Venkat, Raj Y",1
"Vishal Bali & Others",1
"Calcutta Angels, Lead Angels & Others",1
"Accel Partners, Ashish Hemrajani, Parikshit Dar, Rajesh Balpande",1
"Kapil Goel",1
"Insitor Impact Asia Fund, Acumen Fund",1
"Eduardo Saverin",1
"Rajan Anandan, Pramod Bhasin, Siddharth Pai, TV Mohandas Pai, Manvinder Singh Banga",1
MeritTrac,1
"Sequoia Capital, Kunal Bahl, Rohit Bansal, Deepinder Goyal, Ashish Dhawan, Mayank Singhal",1
"Samir Bangara, Anisha Mittal, Amit Gupta, Pallav Nadhani, Lalit Mangal, Arihant Patni, Dr. Ritesh Malik, Deobrat Singh, Saurab Paruthi, Singapore Angel Network.",1
"Tata Capital Innovation Fund",1
"Dheeraj Jain, Jagdish Kumar, Bharat Gupta, Ankush Saigal, Praveen Saini",1
"Lalitesh Katragadda,Â  Ganayantrika Systems",1
"Arjun Handa, Amit Jindal, Nagendra Chaudhary",1
"Bhanu Vikram Parsotam, Rohan Desai and Paras Patel",1
"SIDBI Venture Capital Limited, YourNest Angel Fund",1
"Ankur Gupta",1
"Myntra/LivSpace Founders",1
"Newbie Promoter Pvt Ltd",1
"Lightbox Ventures",1
"Krishna Jhujhunwala, Dr. Apoorv Ranjan Sharma, Anirudh Damani, Anand Ladsariya, Sanjay Mehta & Others",1
"GBIM Technologies Pvt Ltd",1
"Arun Chandra Mohan",1
"Nahata Family, Waheed Alli",1
"500 Startups, Mato Peric, TracxnLabs",1
"Zodius Capital, Lightspeed Venture Partners",1
"TV Mohandas Pai, LetsVenture",1
"Ranjan Mahtani",1
"Matt Mullenweg, Adam Dâ€™Angelo, Aditya Agarwal,Â  Ruchi Sanghvi & Others",1
"Vallabh Bhanshali, N Squared Management LLC, Jagdish & Sandeep Mehta Family Office",1
"Equity Crest, Vinners, Sparknext",1
"Shiva Ashok & Other unnamed investors",1
"50k Ventures, Munish Jauhar, Pulkit Jain, Rohit Narang",1
"Amod Malviya",1
"Mustafa Wajid, Umang Kumar & Others",1
"Flipkart, Saavn, Micromax, Dhiraj Rajaram, Ambiga Dhiraj, Dinesh Agarwal, Samir Bangara, Sanjay Nath, Arihant Patni",1
"Cipher-Plexus Capital Advisors & Indian HNIs",1
"Varun Khurana, Samar Singla, Vinay Bansal,",1
"Hyderabad Angels, Lalit Mangal,Â  Vikas Malpani, Gaurav Bhalotia, LV Prasad",1
"Times Group",1
"Abhinav Mathur",1
"Huzaifa Khorakiwala",1
"Bertelsmann India Investments, Nirvana Digital India Fund, Nirvana Digital Investment Holding, 500 Startups",1
"Anand Chandrasekaran & Others",1
"Unilazer Fund,Â  Phanindra Sama, Peyush Bansal",1
"Omidyar Network,",1
"Umang Kumar",1
"Lemelson Foundation, Michael and Susan Dell Foundation",1
"Alpha Capital",1
"Undisclosed US Based Investors",1
"SaÃ¯d Business School Seed Fund.",1
"Farooq Adam, Ambi Parameswaran,",1
"Rob Chandra",1
"SoftBank Corp",1
"Sequoia Capital, Beenext Ventures, India Quotient, Anand Chandrasekaran",1
"Kanpur Angels & Others",1
GIC,1
"Jungle Ventures, Taurus Value Creation, Konly Venture, Blume Ventures",1
"Chandigarh Angels Funding",1
"Arihant Patni, Avnish Mehra, Pranay Adhvaryu, Ravi Sampat",1
"Institutional Venture Partners, Norwest Venture Partners, Lightspeed Venture Partners, CRV",1
"Purvi Ventures",1
"Nandan Nilekani, Accel Partners, Kalaari Capital and Inventus Capital",1
"GPA group",1
"Lalit Mangal & Others",1
"Un disclosed investors",1
"Anupam Mittal, Amit Gupta, Utsav Somani, Neeraj Goenka, Farooq Adam Mukadam",1
"TV Mohandas Pai, Mohit Saxena, Raghunandan G, Singapore Angel Network, TracxnLabs",1
"Foxconn Technology Group & Others",1
"Harminder Sahni, Krishna Mehra, Sanjay Bakshi",1
"Maple Capital Advisors",1
"TermSheet, ah! Ventures",1
"Zodius Technology Fund, Lightspeed Venture Partners",1
"Kalaari Capital, Inventus Capital, Tekton Ventures, Kae Capital",1
"Lead Angel Network",1
"Vineet Nalla",1
"Amit Patni, Anirudh Damani, Samir Shah",1
"Frontline Strategy",1
"Aarin Capital Partners, TV Mohandas Pai",1
"Pankaj Gupta",1
"Lashit Sanghvi, Nikhil Vora, Venkat Vardhan,Mohammed Bin Abdul Rehman Al Khalifa,Â  Ralph Berezan, Vissal Mathew,Â  Balamurali Krishna",1
"The Saha Fund, TV Mohandas Pai",1
"CIO Angel Network (CAN)",1
"Sequoia Capital, Times Internet Ltd & One more Fund",1
"Chandigarh Angel Network (CAN)",1
"Beerud Sheth and Ravi Mantha",1
CerraCap,1
"Rajesh Sawhney, Anupam Mittal, Dinesh Agarwal, Gaurav Gupta,",1
"ru-Net, Sequoia Capital,Â  Lightbox Ventures",1
"Vidyadhar Sarfare",1
"Ajeet Khurana Jinesh Shah, Vikram Chachra, Dr. Aniruddha Malpani",1
"Gopal Aggarwal",1
Shopclues,1
"Unilazer Ventures, Orios Venture Partners, Steven Lurie",1
"TracxnLabs, Jitendra Gupta, Prashant Tandon",1
"SAIF Partners, Accion",1
"Tiger Global Management, Yuri Milner, Apoletto, Accel Partners, Flipkart",1
"Bren Corporation",1
"CLSA Capital Partners ARIA IV Funds",1
"Mr. Sudhir & Ms. Shalini Sethi, Mr. Praveen Someshwar",1
"Mitesh Majithia",1
"Sashi Reddi, Gabriel Investments",1
"LetsVenture, Mohandas Pai",1
"Extreme Venture PartnersÂ  William Bissell",1
"Rajan Anandan, Zoya Akhtar, Reema Kagati, Ruchi Narain, Amrish Kumar, Hrishikesh Parandekar",1
"Accel Partners India, RB Investments",1
"Prashanth Ranganathan",1
Infosys,1
"Mumbai Angels, Singapore Angel Network, Zishaan Hayath",1
"Vijay Shekhar Sharma, Singapore Angels Network",1
"Amazon, Vertex Ventures, Qualcomm, Ru-Net Technology Partners, Matrix Partners",1
"Chicago Capital Ventures, Sanjay Mehta, Others",1
Unilazer,1
"Nisha Sharma, Puneet Dalmia, Balaji Prabhakar",1
"SAIF Partners and others",1
"Allen Blue, John Katzman, Naveen Tewari, Kartik Hosanagar, Kashyap Deorah, 500 Startups, Blue Fog Capital",1
"Kris Gopalakrishnan & Others",1
"Quintillion Media",1
"Prahlad Rao, Sundara Rajan, Vikram Chachra",1
"Ritesh Dwivedy, Ramakant Sharma, Mount Nathan Advisors",1
"TCS, HDFC, Faering Capital, Elevate Sports",1
"Anand Chandrasekaran, Rajesh Sawhney, Kalpana Tatavarti, Shivanandan Pare",1
"Murugappa Group, TVS Group, Vellayan Subbiah, Arathi Krishna, Arun Venkatachalam",1
"Palred Technologies Ltd",1
"HT Digital Media Holdings Ltd",1
"YourNest Angel Fund, Venture Nursery",1
"Rishi Parti, BrahmaX Ventures",1
"Medi Assist",1
"Vectr Ventures",1
"Blume Ventures, Flipkart",1
"Exfinity Venture Partners, Unitus Impact Livelihoods Fund",1
"Jitendra Gupta",1
"Collaborative Licensing Ventures LLP",1
"Umang Kumar, Ruchir Arora & others",1
"Sharad Hegde, Girish Reddy, Siddharth Patil, Shrikant Patil",1
"Mahavir Pratap Sharma",1
"Sequoia Capital, Tree Line Asia, Innoven Capital",1
"Amit Gupta, Sahil Barua, Mukul Singhal, Tracxn Labs",1
"Times Group Brand Capital",1
"Segnel Venture, Shinji Kimura, Sundar Chanrai, JAFCO Asia, SingTelâ€™s Innov8, Jungle Ventures, K Ganesh",1
"Varun Ahuja, Anubhav Verma",1
"Riqueza Capital",1
"Dheeraj Jain & Others",1
"Constellation Technology Ventures (Exelon Corporation), E.ON, RWE, Khosla Ventures",1
"Phanindra Sama, Aprameya Radhakrishna, Aneesh Reddy, Neeraj Jawalkar, Sanjay Anandaram, Pavan Ongole, Venk Krishnan",1
"Vineel Nalla & Others",1
"SAIF Partners & others",1
"IDG Ventures India, Kalaari Capital, 500 Startups",1
"Hyderabad Angels, M&S Partners",1
"Hyderabad Angels, Singapore Angel Network, Ness Wadia",1
"Saina Nehwal",1
"Chandralekha Construction Pvt. Ltd.",1
"Rajan Anandan, Mike Galgon, Ravi Gururaj, Ashim Mehra,Â  Mohit Saxena, Internet Group, TNN Capital and others",1
"Michael & Susan Dell Foundation, Unitus Seed Fund",1
"Info Edge",1
"Sequoia India, BEENEXT Ventures, Kunal Shah & Sandeep Tandon",1
"Jozef Bardik, Leo Wang Sangeeth Ram",1
"SAIF Partners, Haresh Chawla",1
"TV Mohandas Paiâ€™s family office",1
"Lensbridge Capital, Mape Advisory Group, Fireside Ventures",1
"Centre For Incubation & Business Acceleration (CIBA), Goa",1
"Mount Nathan Advisors Pte Ltd",1
"Sujeet Kumar, Ankit Nagori, Traxcn Labs",1
"Astarc Ventures, 50K Ventures & others",1
Logtally,1
"Times Internet",1
"Gordon and Betty Moore Foundation",1
"Jitu Virwani",1
"Rimpal Chawla, Anuj Srivastava",1
"Ravi Krishnamurthy",1
"Enablers platform",1
"Inara Capital , Rishi Khiani",1
"Blackstone Valley Group, Raghu Vohra, Aditya Dev Sood, Kamal Bansal",1
"Bessemer Venture Partner, Accel, SAIF Partners",1
"Karnataka Semiconductor Venture Capital firm",1
"S.D. Shibulal, Kris Gopalakrishnan, Srinath Batni, Professor Tarun Khanna,Â  Ganapathy Venugopal.",1
"New Enterprise Associates",1
"Kae Capital, Kunal Bahl, Rohit Bansal",1
"Ram Kumar Kakani, Pradeep K Jaisingh, Sunil T V, Vijay Ghadge, Hemant Kaul, Gurmeet Chahal & Others",1
"Hampton Capital",1
"Daljit Singh, Dr. Pramath Raj Sinha, BVR Mohan Reddy",1
"Unitus Seed Fund, Bijou Kurien, Narayan Ramachandran",1
"IDG Ventures India,Â  Accel Partners India",1
"Anil Menon",1
Swastika,1
"Manish Gupta",1
"Ashok Agarwal",1
"Raghu Khanna, Sameer Gupta",1
"IFC Everstone Group",1
"New Enterprise Associates, Cheetah Mobile",1
"IDG Ventures, M & S partners, Powerhouse Ventures (USA).",1
"Tracxn, Ashish Goenka & Others",1
"Bessemer Venture Partners, Anil Chopra",1
"JMR Infotech India Pvt Ltd",1
"Unigrowth Inc",1
"Mandeep Singh, Jairaj Singh",1
"Manish Kheterpal, Alok Mittal,Â  Puneet Dalmia,",1
"FIH Mobile Ltd",1
"Flipkart, Accel Partners, Delhivery, Foxconn",1
"Sargod Ventures",1
"Accel Partners, Elevar Equity, Pramod Bhasin, Rajan Anandan, Gaurav Dalmia, Abhishek Goyal, Gagan Hasteer , Arun Tadanki",1
"Sandeep Aggarwal",1
"Ashish Todi, Abhinav Patodia, Kumar Shwetabh",1
"Harsh Mariwala, Atul Nishar, Dalip Pathak, Michael Carlos",1
"Peepul Capital",1
"DSG consumer Partners, Paragon Partners",1
"High Networth Individuals (undisclosed)",1
"Uniqorn ventures, ASP Consulting",1
"Satyen Kothari, Keshav Sanghi, Riddhesh Gandhi & Others",1
"Gaja Capital Private Equity Fund",1
"Ashvin Chadha, Avtar Monga, Udaan Angels, Dheeraj Jain",1
"Unnamed Media house and HNIs",1
"High Networth Individuals from India & USA",1
Snapdeal,1
"Mato Peric, Peter Kabel & others",1
"Sanjeev Kapoor,Â  Ravi Saxena & Others",1
"Tiger Global Management, Flipkart",1
"Life.SREDA, Qualgro",1
"Sequoia and Kalaari Capital.",1
"Vikas Agarwal, Vishal Khare, Sanjeev Kakkar, Smile Group",1
"SF Capital Group",1
"Kemark Ventures, Amit Ranjan, Zishaan Hayath and Others",1
Quikr,1
"Seedfund, Bedrock Ventures",1
"Suyash Sharma",1
"Sean Oâ€™Sullivan & Others",1
"500 Startups, IDG Ventures & Advantedge fund, Neeraj Arora, Leon Seynave",1
"Khosla Impact, Biz Stone, Catamaran Ventures, Global Founders Capital, European investment fund",1
"Micromax Informatics Ltd",1
"Dewang Neralla,Roopak Taneja, Manisha Gupta",1
"Fireside Ventures, Mumbai Angels MAPE Advisory Group.",1
"Devesh Rai G, Rajesh Aggarwal, Amitpal Bhutani",1
"Vijai Laxmi",1
"Manpreet Singh",1
"Accel Partners, Anupam Mittal & other marquee investors",1
"Sequoia Capital, Ascent Capital, eContext Asia, Beenos Asia",1
"Aarti Group",1
"Dr. Aniruddha Malpani Manish Gupta, M&S Partners & others",1
"Delhivery, Sands Capital and Accel Partners",1
"Qualcomm Venture, Norwest Venture Partners",1
"Springboard Ventures",1
"Sierra Ventures, Cota Capital, Vegas Tech Fund",1
"Arihant Patni, RAAY Global Investments",1
"Alok Bajpai, Rajnish Kumar, Amit Dey",1
"Atul Jalan, Shrikanth & Bharath",1
"R Natarajan, Mohan Alexander",1
"Mumbai Angels, Mayank Bhangdia, Kae Capital",1
"ID Enablers Pvt Ltd",1
Delhivery,1
"Oswal Techno Ventures LLP",1
"Tiger Global Management, Matrix Partners",1
"Ventureworks India",1
"Unnamed investor",1
"Sequoia Capital, Nexus Venture Partners",1
"Redcliffe Capital, YourNest Angel Fund",1
"ah! Ventures, 500 Startups & Other HNIs",1
"S Chand and Co Pvt Ltd",1
"Jupiter Capital",1
"Accel Partner, Jungle Ventures",1
"Amit Singhal, PK Gulati & others",1
"Suresh Vaswani",1
"Rajesh Bhatia, Dheeraj Mehta & Others",1
"Sequoia Capital, Matrix Partners",1
GREX,1
"Puneet Bhatia & others",1
"Tania Johny Palathinkal",1
"Group of HNI investors",1
"Reliance Capital",1
"Purvi Capital",1
"India Quotient & other investors",1
"CMYK Health Boutique Pvt Ltd & Other individual investors",1
"R M Picture Company Pvt. Ltd.",1
"Ashish Jhalani",1
"Karanpal Singh",1
"Raghav Bahl, Ritu Kapur",1
"Nalin Jain, Shomil Pant, Dinesh Kundu & others",1
"500 Startups, TV Mohandas Pai, Tandem Capital, Vikram Chachra, Aloke Bajpai",1
"Kalaari Capital, SAIF Partners, Beenextan investment fund",1
"Nanadan Nilekani, InMobi, Paytm",1
"Ankush Nijhawan, Manish Dhingra, Gaurav Bhatnagar",1
"Subodh Gupta",1
"Eight Road Ventures",1
"Ash Bhardwaj",1
"Aarin Capital, Unitus Seed Fund",1
"Cataraman Ventures",1
"Helion Venture Partners, Exfinity Ventures",1
"Anil Matai, Vikram Tandon, Shyam Sundar R & others",1
"Payal Syal",1
"Sandeep Dama & Others",1
Applyifi,1
"High Networth Individuals (No details)",1
"Sachin Bansal & Binny Bansal, Sol Primero, Outbox Ventures, Sangram Singh",1
"Accel Partners, Subrata Mitra, Larry Braitman, Venk Krishna",1
"Multiple investors",1
"Aprameya Radhakrishna, Naman Sarawagi, Afsal Salu,",1
"Anand Mahindra, Uday Punj, Ashish Hemrajani, Sanjeev Mehra",1
"Prakhar Bumb",1
"Unitus Seed Fund, Rianta Capital, R Ramaraj, Sunil Edwards",1
"Kalaari Capital, YourNest Angel Fund",1
"Karan Bajwa, Amanpreet Bajaj, Manish Vij",1
"Swarnim Multiventures",1
"Bhavdeep Reddy",1
"Asha Jadeja Motwani & Others",1
"Rajat Malhotra",1
"Sharad Sharma, Vijay Anand, Mohandas Pai. Pallav Nadhani, Singapore Angels Network & others",1
"M&S Partners",1
"William Bissell, Neeraj Aggarwal, Nandan Nilekani",1
"Phanindra Sama, Anupam Mittal, Vijay Shekhar Sharma, Vishal Gondal, Sateesh Andara & others",1
"Raghav Bahl",1
"500 Startups, Smile Multimedia, Kunal Bahl, Rohit Bansal, Girish Matrubootham",1
"Infuse Ventures, The Chennai Angels",1
"Kanwaljit Singh, TV Mohandas Pai",1
"Astarc Ventures & Others",1
"500 Startups, Mato Peric & Others",1
"Didi Kuaidi",1
"Mayank Singhal and others",1
"Uniqorn Ventures",1
"Zishaan Hayath, Rahul Khanna & Others",1
"Nexus Venture Partners, Knoll Ventures and others",1
"Kunal Bahl, Rohit Bansal, Pranay Chulet, Naveen Tiwari, Amit Gupta, Mayank Singhal",1
"ah! Ventures, Viktor Koenig PE Fund, Mantra Ventures",1
"Mohandas Pai & others",1
"Alok Mittal",1
"Alok Mittal, Zeeshan Hayat, Niraj Singh, Nikunj Jain, Anirudh Damani, Punit Goyal",1
"Sequoia Capital, Accel Partners",1
"Orios Venture Partners, Zishaan Hayath",1
"Kunal Bajaj, Chandru Badrinarayanan",1
"Rebright Partners, Ankush Nijhawan, Gaurav Bhatnagar, Manish Dhingra",1
"Tiger Global Management, Orios Venture Partners",1
"Helion Venture Partners, Kalaari Capital",1
"BedRock Ventures, Rajesh Sawhney, Shailesh Singh",1
"Sachin Bhatia, Rajesh Sawhney",1
"Ramesh Jogani, Shailesh Viswanathan, Jay Srinivasan",1
"Tracxn Labs",1
"Ravi Gururaj, Gaurav Sharma, Viswanath Ramachandran, RippleWave",1
"Sanjay Sethi, Ravi Jaipuria & others",1
"CCube Angels, Frontline Strategy",1
"Chennai Angels, Calcutta Angels, ah! Ventures, Intellecap Impact Investment Network, Indus Age Partners, Singapore Angel Network, India Internet Fund, LetsVenture",1
"Horizons Ventures, Capricorn Investment Group, Social+Capital, Helion Advisors, Berggruen Holdings",1
"Inflexionpoint, Pramod Bhasin, Sixth Sense Ventures, Vindi Banga, Hiro Mashita",1
"Wealth First, Ashneer Grover, Atul Phadnis",1
"responsAbility Investments, Infuse Ventures",1
"Bedrock Ventures",1
"Best Foodworks",1
"Nihon Kotsu,",1
"Neha Vats, Gaurav Vats",1
"B M Gupta, Vinod Singhal",1
"QPrize from Qualcomm Ventures",1
"Girish Mathrubootham, Phanindra Sama, Vikram Chachra, Others from LetsVenture",1
"Reliance Capital Venture",1
"Helion Ventures, Jungle Ventures & Bessemer Venture Partners",1
"Ajeet Khurana & Others",1
"Zodius Technology Fund",1
"Sequoia Capital, Lightspeed Ventures",1
"Quintillion Media, 500 Startups",1
"Accel Partners, Deep Kalra, Rajesh Magow, Mohit Gupta, Shamik Sharma",1
"Amit Ranjan, Vijay Shekhar Sharma, Kunal Bahl, Girish Mathrubootham &Â  Group of other Angel investors",1
"Accion, LeapFrog Investments, Lok Capital",1
"LetsVenture, Mumbai Angels",1
"Jitendra Gupta & others",1
"Gujarat based angel investors, MMY co-Founder",1
"Nalin Jain & other angel investors",1
"Ratan Tata, Vani Kola, T V Mohandas Pai, Karthee Madasamay",1
"Intellecap Impact Investment Network, family office fund",1
"Existing & New Investors",1
"Rohit Goel",1
"Kunal Bahl, Rohit Bansal, Zishaan Hayath, Prashant Malik",1
"One97 Communications",1
"New Enterprise Associates, Orios Venture Partners",1
"NEA, Milliways Ventures, Naya Ventures",1
"Rohit Bhatia, Sunil Nikhar, Vaibhav Domkundwar, Siddharth Nautiyal",1
"NEA, Blume Ventures & others",1
"Umesh Yadav",1
"Manish Dhingra, Ankush Nijhawa, Gaurav Bhatnagar",1
AskMe,1
"ah! Ventures, Times Internet, Rudy Gopalakrishnan",1
"Orios Venture Partners, Amit Ranjan & others",1
"The 1947",1
"Ajmera Group of Companies",1
"Prime Capital Markets Ltd",1
"India Quotient, Anupam Mittal & others",1
"GrowX ventures, Tracxn Labs, Powai Lake Ventures, and Sahil Barua",1
"DSG Consumer Partners, Saama Capital",1
"Norwest Venture Partners, Nexus Venture Partners, Helion Venture Partners, Draper Fisher Jurvetson, Peepul Capital",1
"India Quotient, LetsVenture investors, Lead Angels",1
"Ravi Agarwal",1
"Ibibo Group",1
"Growx Ventures, Manish Singhal",1
"Rocket Internet",1
"Equentia Natural Resources",1
"Li Tao, Li Jian, Draphant Consultants, Nitin Garg, Saurabh Jain, Mohit Agarwal",1
"Manish Singhal, P39 Capital & Others",1
"Aspada Investment Advisors, Qualcomm Ventures",1
"Ratan Tata, Nikhil Vora & others",1
"Delhivery, Tracxn Labs",1
"The Chennai Angels, IDG Ventures India",1
"Bessemer Ventures, Kae Capital",1
"ah! Ventures, Vivek Joshi, Mohit Satyanand & others",1
"IFC, Axon Partners, Intel Capital",1
"Rajan Anandan, Kunal Bahl, Rohit Bansal, Rahul Khanna",1
"Gokul Jaykrishna, Brand Capital",1
"Rebright Partners, Tracxn Labs, Aneesh Reddy",1
"Powai Lake Ventures, Ajeet Khurana & others",1
"Pravin Agarwala & others",1
"Sofina, Hillhouse Capital",1
"Atulya Mittal",1
"Mangroves Capital Partners, Vikas Saxena",1
"DMG information Asia Pacific",1
"Powai Lake Ventures, Globeinvestor, Abhishekh Goyal",1
"DSG Consumer Partners, Siddharth Parekh",1
"Jaydeep Barman",1
"Sunrise Capital GmBH, Big Data Investments B.V",1
"Helion Venture Partners,Amarpreet Sawhney, Deshpande Foundation, Fred Khosravi, Richard S. Braddock",1
"Not Disclosed",1
"Mirah Hospitality",1
"Saama Capital, Mayfield, Ashvin Chadha, Shailesh Mehta",1
"Tiger Global Management, Ratan Tata, Nexus Venture Partners",1
"Sequoia Capital, Empire Angels, NGP",1
"IvyCap Ventures, Accel Partners, Dragoneer Investment Group",1
"Sandeep Aggarwal, Teruhide Sato",1
"Rajeev Saraf, Arvind Jha, R. Satya Narayanan",1
"LetsVenture, Kumar Bansal, Kshitij Jain",1
IndianIdeas.com,1
"Forum Synergies PE Fund",1
"Atul Jalan",1
"Ritesh Veera, Singapore Angel Network, Orios Venture Partners,",1
"HR Technology fund",1
"Tamarind Family Private Trust",1
"Anupam Mittal, Anand Chandrasekaran, Uday Shankar, Chetan Bhagat",1
"Sequoia Capital, Nexus Venture Partners, Blume Ventures",1
"Pradyumna Dalmia, Sudhir Rao & Others",1
"Sumit Gandhi, Manish Gandhi",1
"Tiger Global, Orios Venture Partners.",1
"Catamaran Ventures, New India Investment Corporation",1
"Tracxn Labs, Deepak Singh",1
"Mumbai Angels, Vriddhi Fund, Others",1
"India Value Fund Advisors",1
"Flipkart, Tiger Global",1
"Falcon Edge Capital, Meru Capital, Ola, Matrix Partners, DSG Consumer Partners, Axis Bank",1
"Jayant Bokadia",1
"IDG Ventures India",1
"YourWeCan Ventures",1
"Fidelity Growth Partners",1
"growX ventures,Â  Manish Singhal",1
"Varun Agarwal & Others",1
"Accel Partners, Traxcn Labs & Others",1
"Sandeep Parwal, Krishan Gupta & Others",1
"IDG Ventures India, Omidyar Network, Sherpalo Ventures,Â  Mohandas Pai",1
"Sachin and Binny Bansal, Malvinder and Shivinder Singh, Gurpreet Singh & others",1
"Abhishek Gupta",1
"LionRock Capital",1
"Lightbox Ventures, Beenos",1
"Kunal Bahl, Rohit Bansal",1
"Elliot Stechman, Gautam Sinha, Ambarish Ray",1
"B S Nagesh",1
"YouWeCan Ventures,Â  Aprameya Radhakrishna",1
"Jai Choi, Kiyohiro Sugashita, Hirokazu",1
"Aarin Capital Partners,",1
"Oliphabs Capital",1
"Aprameya Radhakrishna",1
"DSG Consumer Partners, Saama Capital.",1
"Kae Capital, Anupam Mittal",1
InfoEdge,1
"Group of 15 Angel Investors",1
GrowthStory,1
"Ventureworks India, Blume Ventures, Batlivala & Karani Securities, Nikunj Jhaveri",1
"Srinivas Tirupati",1
"Mumbai Angels & Other angel investors",1
"Ennovent Impact Investment Holding",1
"Mark Mobius & 9 Other Angel investors",1
"DMG Information",1
"Rajan Anandan, Niraj Singh, Sachin Bhatia, Singapore Angel Network & Aseem Vadehra",1
"Sharad Sharma, Rajan Anandan, Sunil Kalra, Amit Ranjan, Rohan Malhotra,Â  Arjun Malhotra, Gautam Gandhi",1
"Virendra Shahney, Dr Paresh Doshi",1
"Tiger Global,Â  Nirvana Ventures Advisors",1
"Fidelity Growth Partners, Fidelity Biosciences",1
"Snow Leopard, Paytm",1
"Natarajan Iyer,Rajesh Sawhney,Â  & other Angel investors.",1
"Norwest Venture Partners, SAIF Partners, Accel Partners",1
KCL,1
"Pawan Borle, SVP Fly Dubai & Others",1
"Sequoia Capital, Seedfund",1
"Arihant Patni, Vishal Khare,Â  Viswanath Ramachandran",1
"M&S Partners Pte. Ltd",1
"i2india Pvt Ltd",1
"Infuse Ventures, Low Carbon Enterprise Fund",1
"Mahesh Pratapneni, Pallab Chatterjee & others",1
"Mumbai Angels, Patni Family Office, Singapore Angel Network, Karan Maheshwari, Jatin Aneja, Kishor Ganji, Roopa Nath",1
"Unitus Seed Fund, Times Internet",1
"LGT Group, Asian Healthcare fund, Seedfund",1
"Neoteric Infomatique Limited",1
"ASK Pravi",1
"Gopal Srinivasan, Sashi Reddy, Amit Gupta, Pallav Nadhani",1
"Sunil Maheshwari & group of investors",1
"Faering Capital, Foundation Capital, Inventus Capital Partners",1
"Group of Angel Investors from US/India",1
"Sachin Bansal, Bunny Bansal & other investors",1
"Kunal Bahl, Rohit Bansal, Blume Ventures, Phanindra Sama, Raju Reddy",1
"Sprout Angels LLP",1
"Dr David Cheriton",1
"Matrix Partners India, SAIF Partners",1
"Holostik Group, YouWeCan Ventures, 500 Startups, Vijay Shekhar Sharma, Manish Kheterpal, Amit Patni",1
"Nokia Growth Partners, Nexus Venture Partners, Avalon Ventures",1
"Sequoia Capital, Kae Capital, Anupam Mittal, Sandeep Tandon",1
"Mercury Fund, Anshu Sharma, Pratyush Prasanna, Robert Winters & others",1
"Development finance institution Belgian Investment Company, Oikocredit",1
"Accel Partners, Flipkart",1
"IDG Ventures India, Elevar Equity, Accion Venture Lab",1
"SAIF Partners,Â  Accel Partners",1
"Tracxn Labs, Sahil Barua",1
"Mape Advisory",1
"Naveen Tiwari, Mohit Saxena, Amit Gupta, Piyush Shah, Manish Dugar",1
"Kanwaljit Singh, Angie Mahtaney, Manoj Varghese",1
"Helion Ventures, Omidiyar Network, Blume Ventures and Ujama",1
Commonfloor,1
"Sameer Koticha",1
"Anand Vijay, Nipun Dureja, Satyajit Heeralal, Keith Rodricks, Gaurav Lochan, Azmul Haque, Nikhil Bagri",1
"Rishi Vasudev, Amit Gupta, Rajiv Nayan",1
"IDG Ventures, Sequoia Capital",1
"Vishwas Patel",1
"IDG Ventures, Kris Gopalakrishnan",1
"Fidelity Growth Partners India, SAIF Partners,Â  Helion Ventures",1
"Accel Partners, Tiger Global Management",1
"S.Gopalakrishnan, Beenos",1
"Exfinity Ventures",1
"Florida based Angel investor",1
"Helion Venture Partners, Orios Venture Partners",1
"Arun Chandra Mohan, Praveen Sinha",1
Prototyze,1
"Rajendra Gogri,Â  Chandrakant Gogri",1
"Rajan Anandan, Teru Sato, Aneesh Reddy, Venkatesh Valluri",1
"KJS Group",1
"Phanindra Sama, Jay Sethuram, Hemant Kanakia, Ravi Trivedi",1
"Mohandas Pai",1
"Samir Shah",1
"Subhash Goyal",1
"Peesh Venture Capital",1
"MakeMyTrip Innovation Fund",1
"Biz Stone",1
"Sunergy Investors",1
"Kae Capital, Anoop Goyal, Mike Shah, VA Sastry",1
"HDFC Bank",1
"Sandiep Shrivatsava",1
"i2india Ventures",1
"Jan Manten",1
"Nirvana Venture Advisors",1
"Manipal Group",1
"Astarc Ventures",1
"Accel Partners, Kalaari Capital",1
"Tim Chen, Sanjay Venkat",1
"Sol Primero, Outbox Ventures, Nikunj Jain",1
"Accel Partners, SAIF Partners",1
"Rudy Gopalakrishnan, ah! Ventures",1
"Rajesh Sawheny , Rajan Anandan, Amit Ranjan, Niraj Singh, AECAL, MeraEvents.",1
"Amit Tyagi, Sandeep Acharya & others",1
"Sequoia Capital, Jason Hirschhorn, Jarett Posner, and Amit Bhatiani",1
"Ajit Surana, Sanjay Mehta",1
"Silicon Valley Ventures, NEA Ventures, Valiant Capital, IDG Ventures India,Â  SAIF Partners, Vertex Ventures",1
"Tree Line Asia, Cisco Investments, American Express, Sequoia Capital",1
"Ajai Chowdhry, Ashvin Chadha, Yogesh Bansal,Nitin Singhal & Others",1
"Kanwaljit Singh, Shripad Nadkarni, Sarvesh Shahra & Others",1
"Hyderabad based investor",1
"Matrix Partners India, India Quotient",1
"Helion Venture Partner, Powerhouse Ventures, GSF and Other angel investors",1
"Dragoneer Investment, Accel Partners, Qualcomm Ventures, Times Internet",1
"Ajay Relan,",1
"Tiger Global Management, Lightspeed Venture Partners",1
"SAIF Partners, Sequoia Capital",1
"SAIF Partners, Accel Partners, Kunal Bahl, Rohit Bansal",1
"Orios Venture Partners, Mayfield India",1
"Ascent Capital, Kalaari Capital",1
"Powai Lake Ventures",1
"Deep Kalra, Sequoia Capital, Omidyar Network, Intel Capital & Kae Capital",1
"GIC ventures",1
"The Phoenix Fund",1
"Michael & Susan Dell Foundation, Pearson Learning Fund",1
"Mayfield Ventures, Kalaari Capital, Helion Ventures",1
"Sequoia Capital, Nexus venture Partners, Lightspeed Ventures, GFC",1
"Version One Ventures, 500 Startups, Nexus Venture Partners and Arena Ventures",1
"Rakesh Mathur, Vikas Taneja & others",1
"Deepak Shahdadpuri, Gulpreet Kohli",1
"Lightspeed Ventures",1
"Accel US, Accel India, SAIF Partners.",1
"S S Mukherji & Others",1
"Oliphans Capital, Haresh Chawla",1
"Ah! Ventures, Calcutta Angels,Â  91SpringBoard",1
"Infuse Ventures fund",1
"SEEK Ltd & affiliates",1
"Anand Rajaraman, Venky Harinarayan",1
"Cross Border Angels & others",1
"Mitsui & Co & existing investors",1
"Bessemer Ventures, Blume Ventures",1
"Greycroft Partners, Fidelity Growth Partners",1
"Sumit Jain, Aprameya Radhakrishna, Alok Goel, Rajan Anandan, Amit Agrawal, Vinay Goel, Gaurav Munjal, Ashish Dev Kapur",1
"The HR Fund",1
"Bessemer Venture Partners, SAIF Partners",1
