Startupname,InvestorsName,IndustryVertical,Amount_in_Usd
Ethinos,"Triton Investment Advisors",Technology,Undiscloused
"Leverage Edu","Kashyap Deorah, Anand Sankeshwar, Deepak Jain, Sadashiva NT, Arjun Mehta, Satish Kaul, Anindya Ghose","Consumer Internet",Undiscloused
Minjar,"Blume Ventures, Contrarian Capital India Partners, Emergent Ventures India, Pallav Nadhani, Ashish Gupta, Sharad Sharma, Sirion Labs",Technology,Undiscloused
MyCity4kids,,"Consumer Internet",Undiscloused
Upwardly.in,"Sreeram Iyer, Suvo Sarkar, Anita Gupta, Likemind Ventures","Consumer Internet",Undiscloused
"Design Cafe","Fireside Ventures, Apurva Salarpuria, Sidharth Pansari, Sprout Capital","Consumer Internet",Undiscloused
VDeliver,"Corvus Ventures, MAPE Advisory Group",Logistics,Undiscloused
Bottr.me,"500 Startups, Purvi Capital, Rajan Anandan, Abhishek Gupta",Technology,Undiscloused
Arcatron,"Indian Angel Network",Technology,Undiscloused
MObiquest,"One97 Communication Ltd",Technology,Undiscloused
Ambee,"Uber Technologies Inc, Amaya Capital LLP","Consumer Internet",Undiscloused
"Ideal Insurance",Xelpmoc,"Consumer Internet",Undiscloused
"Hypernova Interactive","Kae Capital",Technology,Undiscloused
AirCTO,"Francesco Cara","Consumer Internet",Undiscloused
FableStreet,"Harmeet Bajaj, Pameela P, Fusiontech Ventures & Others",eCommerce,Undiscloused
"Monsoon Fintech","Sunil Kalra, Aditya Singh, Rishi Srivastava, Rajan Anandan",Technology,Undiscloused
MonkeyBox,"Blume Ventures, NB Ventures, Nspira","Consumer Internet",Undiscloused
"Creatorâ€™s Gurukul","Yuvraj Singh",Others,Undiscloused
Jhakaas,"Amen Dhyllon","Consumer Internet",Undiscloused
Gympik.com,"RoundGlass Partners","Consumer Internet",Undiscloused
Tripeur,"Grace Grace Techno Ventures LLP, Rajul Garg & Other undisclosed investors",Technology,Undiscloused
RentOnGo,"TVS Motor Company",eCommerce,Undiscloused
MaxMyWealth,"blockchain ecosystem Global Advisors, Horseferry","Consumer Internet",Undiscloused
Healthbuds,"Arun Patodia, Bharat Kedia","Consumer Internet",Undiscloused
Ftcash,"500 Startups, IvyCap Ventures","Consumer Internet",Undiscloused
GyanDhan,"Sundaram Finance Holdings","Consumer Internet",Undiscloused
"Hungry Foal","SBI (Stand Up India Scheme)","Consumer Internet",Undiscloused
Loanmeet,"Cao Yibin, Huang Wei, Madhusudan E,","Consumer Internet",Undiscloused
HyperTrack,"Nexus Venture Partners, Founders Fund",Technology,Undiscloused
Digit,"Fairfax Holdings",Technology,Undiscloused
Vanitycask,"RB Investments","Consumer Internet",Undiscloused
EdgeFx,"Cross Border Angels & Experts, Rajasthan Angel Innovators Network, The Chennai Angels",eCommerce,Undiscloused
EazyDiner,"YouWeCan Ventures","Consumer Internet",Undiscloused
HealthIntel,"BLIP Initiatives",Healthcare,Undiscloused
OneAssist,"Sequoia Capital","Consumer Internet",Undiscloused
Formcept,"Gujarat Venture Finance Ltd","Consumer Internet",Undiscloused
FiTraQ,"Aparup Sengupta, Devendra Reddy,","Consumer Internet",Undiscloused
ZingHR,Zeta,Technology,Undiscloused
SMECorner,"Dutch government fund","Consumer Internet",Undiscloused
Healthians,"Asuka Holdings, YouWeCan Ventures, Beenext, Beenos, M&S Partners","Consumer Internet",Undiscloused
HealthMir,"Nimit Panigrahi","Consumer Internet",Undiscloused
Uactive,"Hinduja family","Consumer Internet",Undiscloused
i-lend,"50K Ventures","Consumer Internet",Undiscloused
"Good Methods Global","Accel Partners",Technology,Undiscloused
Nightstay,"Indian Angels Network, LetsVenture","Consumer Internet",Undiscloused
Devourin,"Deepak Nathani",Technology,Undiscloused
"Uncanny Vision","Anand Chandrasekaran",Technology,Undiscloused
Anchanto,"Luxasia Group",Technology,Undiscloused
Sequretek,"GVFL, Unicorn India Ventures",Technology,Undiscloused
Lucideus,"Vellayan Subbiah, Jonathan Boutelle, Rajan Anandan,Â  Rahul Chawla, Salil Donde, Amit Ranjan, Govind Rajan & Others",Technology,Undiscloused
"Chymera VR","Varsha Rao, Surojit Chatterjee, Nirav Choksi & Others",Technology,Undiscloused
"Book My Diamond","Chirag Nikunj Sheth & Others",eCommerce,Undiscloused
"ION Energy","Aakrit Vaish, Swapan Rajdev, Sushill Jiwarajka",Technology,Undiscloused
"Log 9 Materials",GEMs,Technology,Undiscloused
Vernacular.ai,"Kstart Capital",Technology,Undiscloused
Niki.ai,SAP,Technology,Undiscloused
PumpKart,"Dr. Ritesh Malik",eCommerce,Undiscloused
HealthSutra,"Ankur Capital, Hyderabad Angels","Food & Beverage",Undiscloused
YepMe,"Gokaldas Exports Ltd",eCommerce,Undiscloused
TravelSpice,"Eagle10 Ventures",ECommerce,Undiscloused
"The Print","Ratan Tata, Nandan Nilekani, Uday Kotak, Vijay Shekhar Sharma, Kiran Mazumdar-Shaw, Rajiv C Mody","Consumer Internet",Undiscloused
WhatsLoan,"Lahiri Musicâ€™s family office","Consumer Internet",Undiscloused
"Cube Consumer Services",,"Consumer Internet",Undiscloused
Nivesh,"PV Sahad, Sandeep Shroff, Rahul Gupta","Consumer Internet",Undiscloused
Wowflux,"Undisclosed Investors",Technology,Undiscloused
Loadshare,"Matrix Partners",Logistics,Undiscloused
SimpliLend,"Undisclosed Investors","Consumer Internet",Undiscloused
TestBook,"Matrix Partners India","Consumer Internet",Undiscloused
"Tyre Express","Rohitash Gupta",Technology,Undiscloused
SmartCoin,"Unicorn India Ventures & Others","Consumer Internet",Undiscloused
"Credit Sudhaar","Deepak Kulkarni, Sandeep Pangal","Consumer Internet",Undiscloused
DataWeave,"FreakOut Group, Blume Ventures, Herb Madan, WaterBridge Ventures",Technology,Undiscloused
"Startup Buddy","YouWeCan Ventures,","Consumer Internet",Undiscloused
QorQI,Paytm,Healthcare,Undiscloused
"Twenty Two Motors","Ishwar Singh,Farhaan Shabbir",Technology,Undiscloused
WonderChef,"Labruyere EberlÃ©",eCommerce,Undiscloused
"Sports Flashes","Sushil Kumar, Sandeep Singh","Consumer Internet",Undiscloused
Tinmen,"MAPE Advisory Group, R Ramaraj, Corvus Ventures","Consumer Internet",Undiscloused
ScoutMyTrip,"Z Nation Lab","Consumer Internet",Undiscloused
SafetyKart,"Redcliffe Capital",eCommerce,Undiscloused
"Navia Life Care","Benori Ventures LLP",Technology,Undiscloused
"Raw Pressery","Jacqueline Fernandez","Food & Beverages",Undiscloused
Simulanis,"Village Capital","Consumer Internet",Undiscloused
Wooplr,"Ankit Nagori",eCommerce,Undiscloused
Niramai,"pi Ventures, Axilor Ventures, 500 Startups, Binny Bansal",Healthcare,Undiscloused
Myra,"Times Internet,Matrix Partners","Consumer Internet",Undiscloused
ZipGo,"Orios Ventures Partners, Team Builder Ventures, Omidyar Networks","Consumer Internet",Undiscloused
Autobix,"GardX International",Technology,Undiscloused
eShiksha,"Cross Border Angels & Experts",Technology,Undiscloused
Mintwalk,"Poshika Financial Ecosystem","Consumer Internet",Undiscloused
Qriyo,"NB Ventures","Consumer Internet",Undiscloused
Seenit,"Calcutta Angels Network (CAN), Augment Ventures","Consumer Internet",Undiscloused
Paalak,"Vishwadeep Bajaj, Harsh Kundra, Nandkumar Rane, LN Buddharaju, Anupam Tyagi",ECommerce,Undiscloused
"Kreate Konnect",Langoor,Technology,Undiscloused
"Lets Endorse","Chandigarh Angels Network, Social Alpha and other unnamed angel investors","Consumer Internet",Undiscloused
Nactus,"Sandeep Aggarwal, Gautam Chhaochharia, R Balachandar","Consumer Internet",Undiscloused
Emojifi,"Undisclosed angel investors","Consumer Internet",Undiscloused
Parentune,"Kae Capital, SEGNEL Ventures","Consumer Internet",Undiscloused
iOrderFresh,"Singapore Angel Network",ECommerce,Undiscloused
PropertyShare,"Asuka, Pravega Ventures, BEENEXT","Consumer Internet",Undiscloused
MyDermacy,"Cyber Carrier","Consumer Internet",Undiscloused
ShilpMIS,"Puneet Gupta, Nimitt Desai & Others",Technology,Undiscloused
FarMart,"Indian Angel Network",Technology,Undiscloused
"The Mons Co.","Shripad Nadkarni, Nandu Nandkishore",eCommerce,Undiscloused
BabyonBoard,"Mahavir Sharma, Vishal Jain, Rohit Sethi, Gaurav Luniya","Consumer Internet",Undiscloused
"Sport Flashes","Vikas Bajaj, Amit Kharbanda,","Consumer Internet",Undiscloused
Wigzo,"3one4 capital",Technology,Undiscloused
Zapyle,"Undisclosed Investors",ECommerce,Undiscloused
Byjuâ€™s,Verlinvest,"Consumer Internet",Undiscloused
"Indus OS","JSW Ventures, VenturEast",Technology,Undiscloused
"Emflux Motors","Meher Roy, Nikhil Arora, Meet Kanodia, Krit Sankalp, Nitish Singh, Risabh Gupta",Technology,Undiscloused
"Klinic App","Om Chaudhry","Consumer Internet",Undiscloused
Rooter,"Intex Technologies","Consumer Internet",Undiscloused
FalconBrick,"Satveer Thakral, LetsVenture, Mumbai Angels",Technology,Undiscloused
Clodura,"Undisclosed Investors",Technology,Undiscloused
Stockroom.io,"Satya D Sinha, Gyanendra Singh","Consumer Internet",Undiscloused
iManageMyHotel,"Jaarvis Accelerator",Technology,Undiscloused
MindYourFleet,"Japan Vyas, Tarun Adlakha",Technology,Undiscloused
1Crowd,"Ganesh Natarajan",Finance,Undiscloused
Redesyn,ThinQbate,"Consumer Internet",Undiscloused
Connaizen,"Vikram Sud",Technology,Undiscloused
Innov8,"Vijay Shekhar Sharma, Rajan Anandan, Kunal Shah, Girish Mathrubootham, Punit Soni, Anand Chandrasekaran, Sunil Kalra, Utsav Somani, Vishal Gondal, Vikram Limaye","Consumer Internet",Undiscloused
Aisle,"Konglo Ventures, White Unicorn Ventures, LetsVenture","Consumer Internet",Undiscloused
TownScript,BookMyShow,"Consumer Internet",Undiscloused
"Lets Reap","Kunal Shah, Sandeep Tandon, Nitin Saluja, Gagan Goyal","Consumer Internet",Undiscloused
Oglas,"Pankaj Rungta, Yogesh Agarwal","Consumer Internet",Undiscloused
Staydobe,"Ishan Manaktala","Consumer Internet",Undiscloused
GoFynd,"Anand Chandrasekaran, Rajiv Mehta, Ramakant Sharma",ecommerce,Undiscloused
"Vow Car Clinic","Vishal Malik","Consumer Internet",Undiscloused
LearnTron,"Kae Capital",Technology,Undiscloused
MobiDent,"DanGold Investment Corp","Consumer Internet",Undiscloused
Yostra,"Marico Innovation Foundation (MIF), Villgro",Technology,Undiscloused
DriveSkool,"Aavya Ventures","Consumer Internet",Undiscloused
InstaOffice,"Zishaan Hayath, Karan Chellani, Mohit Satyan","Consumer Internet",Undiscloused
PaisaWapas,"Vividhity Ventures","Consumer Internet",Undiscloused
SecururAX,"Axilor Ventures, Parampara Early Stage Opportunities Fund & Others",Technology,Undiscloused
Leadburg,"Harsh V. Pant, Ratheesh Raveendran","Consumer Internet",Undiscloused
"Oi Media",Quarizon,Technology,Undiscloused
Kratikal,"Amajit Gupta, Praveen Dubey, J.P. Bhatt",Technology,Undiscloused
"Direct Create","Rajasthan Venture Capital Fund",eCommerce,Undiscloused
PParke,"SB Ventures","Consumer Internet",Undiscloused
"Native Special","Indian Angel Network, Native Angels Network",eCommerce,Undiscloused
Fitnapp,"SD Group","Consumer Internet",Undiscloused
Ethosh,"Deepak Nathani",Technology,Undiscloused
Wydr,"Bessemer Venture Partners, Stellaris Venture Partners, Jungle Venture Partners, Axis Capital",eCommerce,Undiscloused
"Tyre Express","IvyCamp Ventures",Technology,Undiscloused
Connaizen,"Umang Moondra",Technology,Undiscloused
SmartHi,"Singapore based investor",Technology,Undiscloused
"CRON Systems","YourNest Fund II",Technology,Undiscloused
ChipperSage,"India Educational Investment Fund",Technology,Undiscloused
SelectJobs,"India Educational Investment Fund","Consumer Internet",Undiscloused
BetaOut,"East Ventures & Others",Technology,Undiscloused
Wishberry,"Sharad Sharma, Rajan Anandan,Â  Amit Ranjan, Alok Mittal & others","Consumer Internet",Undiscloused
LoyaltyPrime,"Senovo, Unternehmertum Venture Capital, Alexander Bruehl",Technology,Undiscloused
99Games,"Dream Incubator",Technology,Undiscloused
"Kochi Post","Rajesh Yohannan, Puthen & Cole","Consumer Internet",Undiscloused
"YOLO Health","Chandigarh Angels Network (CAN)","Consumer Internet",Undiscloused
"Register My Marriage","Mumbai Angels","Consumer Internet",Undiscloused
Streo,"GEMs Advisory, Quarizon","Consumer Internet",Undiscloused
"Mr Hot Foods","IvyCamp Ventures","Consumer Internet",Undiscloused
"ONN Bikes","Grace Capital Ventures",eCommerce,Undiscloused
THB,"Ajith Sukumaran, Currae Healthtech Fund",Technology,Undiscloused
LookAtMe,"Eros Labs","Consumer Internet",Undiscloused
Netree,"The Chennai Angels, LetsVenture",eCommerce,Undiscloused
BookEventz,"Investors from Mumbai Angels & LetsVenture","Consumer Internet",Undiscloused
Tailslife,"Mohan Kumar, V. Balakrishnan","Consumer Internet",Undiscloused
Vehico,"Calcutta Angel Network, Appliyifi",Technology,Undiscloused
Nykaa,"Max Ventures and Industries",eCommerce,Undiscloused
UrbanPiper,"Axilor, undisclosed investors","Consumer Internet",Undiscloused
GoComet,"India Quotient, Rajul Garg, Rajesh Yabaji, Chanakya Hridaya, Ramasubramaniam B, Vishwanathan, Nobel House, Sunstone Capital",Logistics,Undiscloused
Fitmein,"FiNC, GHV","Consumer Internet",Undiscloused
MoEngage,"Anand Chandrasekaran",Technology,Undiscloused
"Ten3t Health","V. Krishna Prasad, Bhupen Shah & Others",Technology,Undiscloused
"Events High","Axilor Ventures","Consumer Internet",Undiscloused
Tiyo,"Ajith Nair","Consumer Internet",Undiscloused
Zoomcar,"Cyber Carrier CL","Consumer Internet",Undiscloused
"Supr Daily","Dr. Apoorv Ranjan Sharma, Anil Jain, Anuj Golecha, Krishna Jhunjhunwala, Anirudh Damani","Consumer Internet",Undiscloused
MamaEarth,"Fireside Ventures & Others",eCommerce,Undiscloused
Innoplexus,"HCS Venture capital fund",Technology,Undiscloused
ShopKirana,"Incubate Fund, Lead Angels Group & Others",eCommerce,Undiscloused
MyAdvo,"Pradyumna Dalmia, S. Somasegar & Others","Consumer Internet",Undiscloused
Asocon,Quarizon,Technology,Undiscloused
LexComply,"Ajay Relan","Consumer Internet",Undiscloused
"The Postbox","The Chennai Angels, Ritesh Mehta, Aruna Ganesh Ram",eCommerce,Undiscloused
"Pandorum Technologies","Sachin Bansal, Binny Bansal",Technology,Undiscloused
BookEventz,"Lead Angels, Mumbai Angels, LetsVenture, Girish Mathrubootham, Anbu Pandian","Consumer Internet",Undiscloused
LetsMD,"WaterBridge Ventures,","Consumer Internet",Undiscloused
Justbooks,"CoCreate Ventures","Consumer Internet",Undiscloused
InstantPay,"RB Investments,Â  Kaleden Holdings","Consumer Internet",Undiscloused
LetsMD,"Calcutta Angels Network, LetsVenture, Anupam Mittal, Currae Healthtech Fund","Consumer Internet",Undiscloused
Sattviko,"Raman Roy, Ashish Gupta, Yogesh Andlay, Vaibhav Jain","Food & Beverage",Undiscloused
DoSelect,"3one4 Capital, Mumbai Angels, Aarin Capital","Consumer Internet",Undiscloused
Browntape,"Gati Ltd",Technology,Undiscloused
vImmune,"Undisclosed investor","Consumer Internet",Undiscloused
"The Gourmet Jar","Chandigarh Angels Network",eCommerce,Undiscloused
Yottaasys,"Gleevoaz Ventures",Technology,Undiscloused
"Tone Tag","Arun Seth, T.V. Mohandas Pai, Anand Chandrasekaran, Deepak Ghaisas",Technology,Undiscloused
"Life in Control","RoundGlass Partners","Consumer Internet",Undiscloused
NoBroker,"Vijay Shekhar Sharma","Consumer Internet",Undiscloused
Scienaptic,"Pramod Bhasin",Technology,Undiscloused
Lawrato,"Indian Angel Network","Consumer Internet",Undiscloused
"Trip Tap Toe","R.S Sharma","Consumer Internet",Undiscloused
AerMed,"Hitesh Windlass",eCommerce,Undiscloused
WorkIndia,"Asuka Holdings","Consumer Internet",Undiscloused
VoLT,"YMS Mobitech","Consumer Internet",Undiscloused
ShubhLoans,"Sanjai Vohra, V. Bunty Bohra",Technology,Undiscloused
FroyoFit,"Dr. Pooja Gandhi","Consumer Internet",Undiscloused
Betterplace,"Venture Highway","Consumer Internet",Undiscloused
UClean,"Franchise India","Consumer Internet",Undiscloused
Servify,"Blume Ventures, BEENEXT, Barkawi Holdings GmbH, TM Service Technology Holdings Gmbh, Sreevathsa Prabhakar","Consumer Internet",Undiscloused
Hubilo,"Girish Mathrubootham, VC Karthic, Miten Mehta, Umasankar Nistala, Rakesh Patel, Akash Bhavsar, Jeevanandhan Rajagopal, Vikas Chadha & Others","Consumer Internet",Undiscloused
FunOnGo,"Reliance Entertainment","Consumer Internet",Undiscloused
121Policy,Xelpmoc,"Consumer Internet",Undiscloused
TapChief,"Paytm, Aprameya Radhakrishna, Subramanya Venkat, Venk Krishnan","Consumer Internet",Undiscloused
Crossahead,"Mohit Sharma","Consumer Internet",Undiscloused
MonkeyBox,"Blume Ventures & Others","Consumer Internet",Undiscloused
MeraKisan,"Mahindra Univeg",eCommerce,Undiscloused
HelpChat,"American Express Ventures, Sequoia Capital","Consumer Internet",Undiscloused
"Bharat Bazaar","BeeNext, TV Mohandas Pai, Kunal Shah, Sandeep Tandon",eCommerce,Undiscloused
GOQii,"Ratan Tata","Consumer Internet",Undiscloused
Scandid,"3One4 Capital","Consumer Internet",Undiscloused
MuhurtMaza,"Undisclosed Investor","Consumer Internet",Undiscloused
Azuro,"White Unicorn Ventures, Kae Capital, Mumbai Angels","Consumer Internet",Undiscloused
NeuroSynaptic,"Indian Angel Network, Healthsquad, Axilor Ventures",Technology,Undiscloused
FindmeaShoe,"Ventureast Fund Advisors","Consumer Internet",Undiscloused
Sportido,"Sumpoorna Group","Consumer Internet",Undiscloused
"Sibia Analytics","Radhakrishnan Natarajan & Others",Technology,Undiscloused
ZipLoan,"GrowX Ventures, Sunil Kalra, Arun Venkatachalam,Â  Badal Malick","Consumer Internet",Undiscloused
Shoekonnect,"Indian Angel Network",eCommerce,Undiscloused
Maya,"Rajan Anandan","Consumer Internet",Undiscloused
BeatRoute,"Quarizon Consultancy Services LLP",Technology,Undiscloused
Kidsstoppress,"Karan Bhagat","Consumer Internet",Undiscloused
Innov8,"Punit Soni","Consumer Internet",Undiscloused
Trilyo,"Vishnu Bhat, Rajiv Lunkad, Naresh Ravindranath",Technology,Undiscloused
Rooter,"Boman Irani, Dhruv Chitgopekar, Prantik Dasgupta","Consumer Internet",Undiscloused
BabyChakra,"RoundGlass Partners","Consumer Internet",Undiscloused
Coppre,"Ganesh Natarajan",eCommerce,Undiscloused
ePathsala,"Hyderabad Angels, TLabs",Technology,Undiscloused
Stayology,"Ranjan Pai","Consumer Internet",Undiscloused
Hipcask,Mobikon,"Consumer Internet",Undiscloused
RailYatri,"Helion Ventures, Blume ventures","Consumer Internet",Undiscloused
WOTU,"KAE capital",eCommerce,Undiscloused
Pickrr,"Swastika Company Ltd",Technology,Undiscloused
SatvaKart,"Nimit Panigrahi",eCommerce,Undiscloused
Wooplr,"Astarc Ventures, Anand Chandrasekaran","Consumer Internet",Undiscloused
Pikkol,"Ajay Nanavati, Afsal Salu",Logistics,Undiscloused
"Mad Street Den","Sequoia India, Exfinity Ventures, growX ventures,",Technology,Undiscloused
Renowala,"Pradeep Dhobale",eCommerce,Undiscloused
Lucideus,"Amit Choudhary",Technology,Undiscloused
Trackbizz,Grasshoppers,Technology,Undiscloused
"Social Quotient","Anita Dongre, Yash Dongre, Milind Sarwate",Technology,Undiscloused
"Stalk Buy Love","William Bissel",eCommerce,Undiscloused
Lenskart,PremjiInvest,eCommerce,Undiscloused
NoBroker,"Anand Chandrasekaran","Consumer Internet",Undiscloused
Freshboxx,"Ravi Linganuri",eCommerce,Undiscloused
KarmaCircles,"Harinder Takhar, Zain Raj, Dr. Prasad Kaipa, Abaran Deep, Aseem Sood, Mustafa Patni","Consumer Internet",Undiscloused
Findow,"Raj Singh Bhandal","Consumer Internet",Undiscloused
IdeaChakki,"Ratan Tata","Consumer Internet",Undiscloused
ShoeKonnect,"Indian Angels Network",eCommerce,Undiscloused
ZeroInfy,"Calcutta Angels Network","Consumer Internet",Undiscloused
LensPick,"Scadea Solutions Inc",eCommerce,Undiscloused
Liqvid,"Gray Matters Capital",Technology,Undiscloused
Codemojo,"CIO Angel Network","Consumer Internet",Undiscloused
JoeHukum,"Sumit Jain",Technology,Undiscloused
PurpleDocs,"KellyGamma, Lead Angels & Others","Consumer Internet",Undiscloused
DailyRounds,"Accel Partners, Beenext, Powerhouse Ventures, Akusa Holdings","Consumer Internet",Undiscloused
Parentlane,"Rohit MA","Consumer Internet",Undiscloused
"First Moms Club","Idea Wave Labs","Consumer Internet",Undiscloused
inMotion,"Prashant Tandon, Gaurav Agarwal, Gaurav Bhogle, Shrishti Sahu, Shantanu Mathur, Prabhat Aggarwal",Technology,Undiscloused
"Letâ€™s Barter","Scale Ventures Funds","Consumer Internet",Undiscloused
EvenGini,"Procam International Pvt. Ltd","Consumer Internet",Undiscloused
Canvs,"Pratik Seal","Consumer Internet",Undiscloused
Fastudent,"Kanwaljit Singh, Ajay Lakhotia, Pavan Ongole, Ashish Gupta",eCommerce,Undiscloused
Demyto,"Deepak Nathani","Consumer Internet",Undiscloused
Kalaage,"Rajasthan Angel Innovators Network","Consumer Internet",Undiscloused
"Daily Ninja","Venk Krishnan, Aprameya Radhakrishna, Anupam Mittal, Kunal Shah, Tracxn Labs, Subramanya SV, Ravi Garkipati","Consumer Internet",Undiscloused
Xcode,"RoundGlass Partners",Healthcare,Undiscloused
lehlehsports,"Anglian Omega Network",Others,Undiscloused
Tricog,"Inventus Capital Partners, Blume Ventures & Others",Healthcare,Undiscloused
AdPushUp,"Geniee, Inc, Purvi Capital",Technology,Undiscloused
MobiDent,"Centre for Innovation Incubation and Entrepreneurship (CIIE)",Healthcare,Undiscloused
Zeolr/RespirON,"Centre for Innovation Incubation and Entrepreneurship (CIIE)",Technology,Undiscloused
91SpringBoard,"Khattar Holdings, ThirtyThree Investments, Soumitra Sharma, Deepak Sharma, Sumit Dayal and others","Consumer Internet",Undiscloused
Funcastic,"HT Media Ltd, North Base Media","Consumer Internet",Undiscloused
Buttercups,"Anand Chandrasekaran, Kanwaljit Singh, Manoj Varghese",ECommerce,Undiscloused
Zappfresh,"Ashvin Chadha",ECommerce,Undiscloused
Gradopedia,"Undisclosed Dubai based HNIs","Consumer Internet",Undiscloused
ZiPi,"Swan Angel Network",Technology,Undiscloused
Pikkol,"Indian Angel Network",Logistics,Undiscloused
Meesho,"Kashyap Deorah, Rajul Garg, Maninder Gulati",eCommerce,Undiscloused
"Sesame Software","Speridian Technologies",Technology,Undiscloused
Ziffity,"Aspire Systems",Technology,Undiscloused
Zzungry,"Satish Vasudeva, Madhusudhan Jujare & Others","Consumer Internet",Undiscloused
Fitternity,"Saha Fund, Exfinity Venture Partners & Others","Consumer Internet",Undiscloused
"TAC Security","Vijay Kedia",Technology,Undiscloused
NearU,"Dr. Goutam Challagalla","Consumer Internet",Undiscloused
ShaadiSaga,"ah! Ventures, Anupam Mittal, Kunal Shah, Sandeep Tandon, Dheeraj Jain, Rohit Chokhani","Consumer Internet",Undiscloused
"Beyond Evolution","Vineet Taneja, Kamal Puri",Technology,Undiscloused
enCashea,"Kunal Shah, Sandeep Tandon, Tracxn Labs","Consumer Internet",Undiscloused
EngineerBabu,"Scale Ventures",Technology,Undiscloused
WitWorks,"Fireside Ventures, Investopad, P39 Capital, Anupam Mittal, Pranay Jivrajka, Maninder Gulati, Abhinav Sinha",Technology,Undiscloused
NearFox,"Globevestor Angel Fund, Devendra Rane, Ravi Jain,Â  Arpan Nagdeve","Consumer Internet",Undiscloused
CrownIt,"Kunal Shah & Sandeep Tandon, Girish Mathrubootham, Anand Chandrasekaran","Consumer Internet",Undiscloused
Zolo,"Hitouch AG","Consumer Internet",Undiscloused
"Prime Focus Technologies","Ambit Pragma",Technology,Undiscloused
inclov,"Sarbvir Singh, Raghav Bahl","Consumer Internet",Undiscloused
RazorPay,MasterCard,"Consumer Internet",Undiscloused
DarwinBox,"3one4 Capital, Tracxn Labs, Aaruha Technology Fund, Endiya Partners",Technology,Undiscloused
"PressPlay TV","Sequoia Capital, SD Ventures, Vistaar Investment Advisors Pvt. Ltd.","Consumer Internet",Undiscloused
WealthTrust,"India Quotient","Consumer Internet",Undiscloused
Fulfil.IO,"Rajan Anandan","Consumer Internet",Undiscloused
Quickli,"AVG Group, 500 Startups",Logistics,Undiscloused
SpectraVR,"Rothenberg Ventures",Technology,Undiscloused
Pitstop,"Alex Chua, Rahul Garg","Consumer Internet",Undiscloused
GyanDhan,"Stanford Angels & Entrepreneurs, Harvard Angels","Consumer Internet",Undiscloused
MintM,"Mumbai Angels,Â  Times Internet","Consumer Internet",Undiscloused
HitGrit,"Ashish Mahajan, Sarvesh Sharma","Consumer Internet",Undiscloused
"Find My Stay","Rishi Parti, Yogesh Bansal","Consumer Internet",Undiscloused
"Utoo Cabs","Ajay Piramal","Consumer Internet",Undiscloused
"Urban Tailor","Unitus Seed Fund","Consumer Internet",Undiscloused
CityFurnish,"Brand Capital","Consumer Internet",Undiscloused
"HEAL Institute","Jaspal Bindra, Parth Jindal",Healthcare,Undiscloused
"TransTutors / AskIITians","500 Startups","Consumer Internet",Undiscloused
BaggOut,"Sumit Jain, Sumit Jain, Anurag Gupta, Varun Khanna, Faraz Khan",eCommerce,Undiscloused
SatvaCart,"Abhijit Avasthi, Karan Chellani, SP Vijay",eCommerce,Undiscloused
underDOGS,"Intelli Reboot Digital Pvt. Ltd",Technology,Undiscloused
ImageProVision,"Satish Jamdar",Technology,Undiscloused
"iServe Financial","Nilesh Shah","Consumer Internet",Undiscloused
AbeRuk,"Swastika Company Pvt Ltd",eCommerce,Undiscloused
"Drums Food","Verlinvest, DSG Consumer Partners","Food & Beverage",Undiscloused
Chikoop,"Undisclosed Investors","Consumer Internet",Undiscloused
BRIDGEi2I,"Edelweiss Private Equity",Technology,Undiscloused
Droom,"Beenext, Digital Garage, Lightbox, Beenos",eCommerce,Undiscloused
Visit,MapmyIndia,"Consumer Internet",Undiscloused
Coutloot,"Venture Catalysts",eCommerce,Undiscloused
iCliniq,"MadhanKumar Madathupalayam","Consumer Internet",Undiscloused
Shopwati,"Sanjiv Rai","Consumer Internet",Undiscloused
Cookifi,"Kunal Shah, Aneesh Reddy, Tracxn Labs, Venkat Tadanki, Krishna Mehra, Amit Rathore","Consumer Internet",Undiscloused
"Wired Hub","Ankit Maheshwari, Anand Singh","Real Estate",Undiscloused
Teabox,"Cameron Jones",eCommerce,Undiscloused
ExtraaEdge,"Ritesh Dwivedy, Priti Padhy","Consumer Internet",Undiscloused
Kyazoonga,"Ratan Tata",eCommerce,Undiscloused
"Kickstart Jobs","Vivek Joshi, Mohit Satyanand, Amit Banati, Arun Khanna",Technology,Undiscloused
Freshee,"Edelweiss Private Equity",FMCG,Undiscloused
"MadRat Games","Ratan Tata, Bhavish Aggarwal, Ankit Bhati, Binny Bansal, Girish Mathrubootham",Technology,Undiscloused
Jazzmyride,"TVS Automobile Solutions Ltd",eCommerce,Undiscloused
AutoSense,"TVS Automobile Solutions Ltd",Technology,Undiscloused
"Redsun Telematics","TVS Automobile Solutions Ltd","Consumer Internet",Undiscloused
KhanaGadi,"50K Ventures","Consumer Internet",Undiscloused
EdTechReview,"EVC Ventures","Consumer Internet",Undiscloused
Bonhomia,"Valpro Capital and existing investors","Food & Beverage",Undiscloused
Gobolt,MCube8,Logistics,Undiscloused
GrabOnRent,"IvyCap Ventures and Unicorn India Ventures",eCommerce,Undiscloused
Athletto,"Atul Ingle","Consumer Internet",Undiscloused
Saavn,"Guy Oseary","Consumer Internet",Undiscloused
ThinkPhi,"Nimmagadda Prasad",Technology,Undiscloused
Duffl,"BetOnIndia Technology Pvt Ltd",eCommerce,Undiscloused
BYG,"Sanjay Verma, Amit Khanna (LetsVenture)","Consumer Internet",Undiscloused
Dipper,"Undisclosed investor",eCommerce,Undiscloused
Qonfuse,"Hamraj Kumar","Consumer Internet",Undiscloused
"The Indian IRIS","Timbru Ventures","Consumer Internet",Undiscloused
REstate,"Idein Ventures","Consumer Internet",Undiscloused
Cleartrip,"Concur Technologies, Gund Investment","Consumer Internet",Undiscloused
ProcMart,IndiaMart,"Consumer Internet",Undiscloused
CyclopsMedtech,"CP Bothra",Technology,Undiscloused
Staqu,"Indian Angel Network",Technology,Undiscloused
Padhopadhao,"Rise India","Consumer Internet",Undiscloused
PratiLipi,"Nexus Venture Partners","Consumer Internet",Undiscloused
"Voler Cars","Kanodia family, Amit Banka","Consumer Internet",Undiscloused
MySuperBrain,"Soniks Consulting","Consumer Internet",Undiscloused
BlogBeats,"Undisclosed Investor","Consumer Internet",Undiscloused
ImpactGuru,"Piyush Jain","Consumer Internet",Undiscloused
Scripbox,"Omidyar Network, Accel Partners & existing investors","Consumer Internet",Undiscloused
MotoMojo,"Niloufer Dundh, Fauzan Rahim, Balamurugan Mani,","Consumer Internet",Undiscloused
Airwood,"StartupXseed Ventures",Technology,Undiscloused
iDreamCareer,"Brand Capital","Consumer Internet",Undiscloused
BoiBanit,"Undisclosed investors","Consumer Internet",Undiscloused
Prepathon,"Blume Ventures",Education,Undiscloused
Unbxd,"IDG Ventures, Inventus Capital, Indian Angel Network",Technology,Undiscloused
Meesho,"Rajul Garg & Others",eCommerce,Undiscloused
Faircent,"JM Financial Products Ltd, Arun Tadanki, Doreswamy Nandkishore, Kshitij Jain","Consumer Internet",Undiscloused
"Dream Wallets","Rakesh Gupta, Aditya Aggarwal, Siddharth Banerjee, Vikas Ranjan, Anshul Jindal, Sunil Koul, and Sanjeev Agrawal","Consumer Internet",Undiscloused
ShabdNagari,"ah! Ventures","Consumer Internet",Undiscloused
Galleri5,"Phanindra Sama, Raghunandan G,","Consumer Internet",Undiscloused
Derbii,"Anurag Chauhan",Logistics,Undiscloused
BedBathMore,"Kinnevik Group, Rocket Internet","Consumer Internet",Undiscloused
Murgency,"Rata Tata","Consumer Internet",Undiscloused
Crownit,"Undisclosed investors, Accel Partners, Helion Venture Partners","Consumer Internet",Undiscloused
Blinge,"Anupam Mittal, Anuj Srivastava, Ankit Nagori",eCommerce,Undiscloused
Fundamentor,"Subramanya SV",Education,Undiscloused
Parentlane,"Sujeet Kumar, Aprameya, Sumit Jain, Subramanya Venkat, Venk, Ravi Machani, Hitesh Gupta, Rohit Choudhary","Consumer Internet",Undiscloused
Niki.ai,"Ratan Tata",Technology,Undiscloused
EduRev,"Pradeep Reddy Kamasan","Consumer Internet",Undiscloused
Eatonomist,"MCube Capital Advisors Pvt Ltd","Consumer Internet",Undiscloused
Roast,"Indian Angel Network","Consumer Internet",Undiscloused
SheThePeople,"Anand Mahindra","Consumer Internet",Undiscloused
"Consure Medical","Accel Partners, Indian Angel Network, India Innovation Fund India Venture Partners",Healthcare,Undiscloused
Pianta,"Kunal Shah, Sandeep Tandon","Consumer Internet",Undiscloused
"Play Your Sport","Ashish Gupta and other undisclosed investors","Consumer Internet",Undiscloused
1mg,"HBM Healthcare Investments",eCommerce,Undiscloused
Tpot,"Ashish Gupta","Food & Beverage",Undiscloused
PicsDream,"Raman Roy","Consumer Internet",Undiscloused
"Process 9","Indian Angel Network, Alok Sharma, Kris Gopalakrishnan, Saurabh Srivastava, and Ajai Chowdhry","Consumer Internet",Undiscloused
Housing,"Vineet Singh","Consumer Internet",Undiscloused
"Roll Mafia","Equentia Natural Resource & Other undisclosed investors","Food & Beverage",Undiscloused
"Highway Delite","N.S. Raghavan Centre for Entrepreneurial Learning","Consumer Internet",Undiscloused
"Cult Fitness","Mukesh Bansal",Healthcare,Undiscloused
Haptik,"Times Internet Ltd",Technology,Undiscloused
Servify,"Blume Ventures, Barkawi Holdings GmbH, TM Service Technology Holdings GmbH","Consumer Internet",Undiscloused
"Truly Social","Nazara Technologies Pvt Ltd","Consumer Internet",Undiscloused
"Little Black Book","IDG, Indian Angel Network","Consumer Internet",Undiscloused
Vahan,Villgro,Education,Undiscloused
Vegfru,Wingify,eCommerce,Undiscloused
Happydemic,Shaan,"Consumer Internet",Undiscloused
LenDenClub,"Anirudh Damani, Daud Ali, Narendra Karnavat, Vikas Kapoor, Vikram Lakhotia, Krishna Jhunjhunwaala, Jayesh Shah",Finance,Undiscloused
Indi.com,"Anil Kapoor","Consumer Internet",Undiscloused
Wedwise,"StartUp Equity Partners","Consumer Internet",Undiscloused
"Deal 4Loans","Ram Shriram, Neeraj Arora, Puru Vashishtha","Consumer Internet",Undiscloused
"Blue Box Media","Mahavir Pratap Sharma, Ajay Data, Yogesh Chaudhary, Sanjay Phophaliya, Siddharth Agarwal, Kamal Kothari","Consumer Internet",Undiscloused
Organicshop,"Vivek Nathani, Yogesh Chaudhary, Mahavir Pratap Sharma, Kamal Kothari, H C Jain",eCommerce,Undiscloused
"MInd Your Fleet","Undisclosed Investors","Consumer Internet",Undiscloused
Rapido,"Pawan Munjal, AdvantEdge Partners, Astarc Ventures","Consumer Internet",Undiscloused
Yufta,"Ajay Data & other HNIs",eCommerce,Undiscloused
Smytten,"Rajan Anandan",eCommerce,Undiscloused
Houssup,"Mitin Patel, Gaurav Agarwal","Consumer Internet",Undiscloused
"Tork Motocycles","Bhavish Aggarwal, Ankit Bhati",Auto,Undiscloused
LensKart,"Ratan Tata",eCommerce,Undiscloused
OYOfit,"RN Agarwal","Consumer Internet",Undiscloused
Oliveboard,"India Educational Investment Fund","Consumer Internet",Undiscloused
Simplilearn,"Brand Capital","Consumer Internet",Undiscloused
Fashalot,"YourNest Angel Fund, Rajul Garg","Consumer Internet",Undiscloused
Broomberg,"Undisclosed Angel investors & HNIs","Consumer Internet",Undiscloused
m.paani,"Blume Ventures, Adil Allana, Aprameya Radhakrishna, Gautam Ivatury, Signal Point Partners","Consumer Internet",Undiscloused
Yufta,"Ajay Data & undisclosed HNIs",eCommerce,Undiscloused
mishTag,"M&Y Partners, SVG Media, Anthil Ventures & others","Consumer Internet",Undiscloused
"Advanced Structures India",GirnarSoft,Auto,Undiscloused
Knolskae,"Inventus Capital Partners, HR Fund","Consumer Internet",Undiscloused
Druva,"NTT Finance, Telephone Corporation",Technology,Undiscloused
intouchapp,"Blume Ventures","Consumer Internet",Undiscloused
CareonGO,"Farooq Oomerbhoy, Anupam Mittal, Anand Mittal, Ravi Garikipati, Vibhu Garg, Singapore Angel Network, Konglo Ventures","Consumer Internet",Undiscloused
RailYatri,"Nandan Nilekani, Helion Ventures, Omidyar Networks, Blume Ventures","Consumer Internet",Undiscloused
Murgency,"Axilor Ventures","Consumer Internet",Undiscloused
DriveU,"Unitus Seed Fund","Consumer Internet",Undiscloused
Gympik,"RoundGlass Partners","Consumer Internet",Undiscloused
Testbook,"S Chand & Co","Consumer Internet",Undiscloused
IQlect,"Lip-Bu Tan, Michael Marks, Nicolas Braithwaite",Technology,Undiscloused
Skedool,"Kludein LLCPhanindra Sama, Narayan Ramachandran, Pranav Pai","Consumer Internet",Undiscloused
Vertuals,"Dino Morea",Technology,Undiscloused
TinyStep,"Matt Glickman","Consumer Internet",Undiscloused
"Arcatron Mobility","Sudhir Mehta, Anoop Hingorani",Technology,Undiscloused
Civilsdaily,"Manoj Kumar & Other undisclosed investors","Consumer Internet",Undiscloused
"Tarusa World","Mohit Gulati",ECommerce,Undiscloused
Wooplr,"Naveen Tewari, Abhay Singhal, Amit Gupta, Piyush Shah, Raghunandan G, Rajiv Mehta",ECommerce,Undiscloused
Finomena,"Matrix Partners India",Technology,Undiscloused
Cookaroo,"Vijay Krishna Yadav","Consumer Internet",Undiscloused
"vPhrase Analytics","Apoorv Ranjan Sharma, Daud Ali and others",Technology,Undiscloused
Indiamart,"Amadeus Capital",ECommerce,Undiscloused
Cloudacar,"Amit Choudhary, Anuj Puri","Consumer Internet",Undiscloused
Yana,"Puneet Gupta,","Consumer Internet",Undiscloused
Stylflip,"Raj Gala Shah, Zaheer Memon",ECommerce,Undiscloused
JollyFoodFellow,"Janak Parikh",Technology,Undiscloused
eSwasthya,"Hemang Sahani","Consumer Internet",Undiscloused
Avagmah,"Kris Gopalakrishnan, Atul Nishar","Consumer Internet",Undiscloused
WorkIndia,Beenext,"Consumer Internet",Undiscloused
OneClickWash,"Unitus Seed Fund","Consumer Internet",Undiscloused
"Girnar Software","Google Capital","Consumer Internet",Undiscloused
Smartron,"Sachin Tendulkar",Technology,Undiscloused
LifCare,"Rajul Garg, Alok Mittal, Kunal Shah, Rishi Mandawat, Dheeraj Jain, Sandeep Tandon, Dexter Angel Circle","Consumer Internet",Undiscloused
CityShor,GAIN,"Consumer Internet",Undiscloused
StalkBuyLove,"500 Startups, Littlerock, Singularity Ventures",eCommerce,Undiscloused
HashLearn,"Bhavish Aggarwal, Binny Bansal,Â  Rajan Anandan, Mekin Maheshwar, Sunil Kalra, Anupam Mittal, Krishna Mehra, Singapore Angel Network","Consumer Internet",Undiscloused
HealthEminds,"Robin Utthappa","Consumer Internet",Undiscloused
"True Balance","SoftBank Ventures Korea",Technology,Undiscloused
SwitchMe,"Mohandas Pai, Hiro Mashita, Singapore Angel Network, 500 Startups, Rajan Anandan, Ajay Sarupria","Consumer Internet",Undiscloused
Transcell,"Indian Angel Network",Healthcare,Undiscloused
"Blue Tokai Coffee","Snow Leopard Technology Ventures",ECommerce,Undiscloused
"Oust App","T V Mohandas Pai,Â  Aarin Capital","Consumer Internet",Undiscloused
"Magic Crate","TV Mohandas Pai, Aarin Capital",Education,Undiscloused
Smartcooky,"Vandana Luthra,",ECommerce,Undiscloused
Turtlemint,"Nexus Venture Partners","Consumer Internet",Undiscloused
BHIVE,"Raghunandan G, Venturesity, Arihant Patni","Real Estate",Undiscloused
LiveNutriFit,"Mohit Goel, Vinod Jain & Others",Healthcare,Undiscloused
Moglix,"Ratan Tata",Ecommerce,Undiscloused
Weddingz,"Sixth Sense Ventures","Consumer Internet",Undiscloused
"Urban Dhobi","Vinod Bansal, Sanjeev Singhal","Consumer Internet",Undiscloused
"Gray Routes","Mahesh Parasuraman, Rahul Gautam & Others","Consumer Internet",Undiscloused
"Invictus Oncology","Ratan Tata",Healthcare,Undiscloused
Hansel.io,"Endiya Partners, Mekin Maheshwari, Rajesh Sawhney",Technology,Undiscloused
Inc42,"India Ventures, Aarin Capital & Others","Consumer Internet",Undiscloused
GOQii,"Edelweiss Financial Services",Technology,Undiscloused
GlamStudios,"Aqeel Ahmed","Consumer Internet",Undiscloused
JoulestoWatts,"Manipal Global Education Services",Technology,Undiscloused
Shopkirana,"Atul Jain, Anil Gelra, Jaikumar Nair","Consumer Internet",Undiscloused
Stylofie,"Jaideep Mehta","Consumer Internet",Undiscloused
OyBob,"Sachin Dalal",eCommerce,Undiscloused
Jugnoo,"Saumya Tandon","Consumer Internet",Undiscloused
Snapbizz,"Ratan Tata",Technology,Undiscloused
Legistify,"Ranjit Singh","Consumer Internet",Undiscloused
Salebhai,"Virendra Shekhawat, Deepak Chokhani, Yogesh Patel & Others",eCommerce,Undiscloused
Tring,"Vishwadeep Bajaj & Others","Consumer Internet",Undiscloused
Medinfi,"Rajnish Sinha, Prijit Debnath, Kanchan Ghoshal","Consumer Internet",Undiscloused
Timemytask,"Lead Angels","Consumer Internet",Undiscloused
"Notary Mama","Dr Nandish Domlur, Amit Sandill","Consumer Internet",Undiscloused
"Bollant Industries","Ratan Tata",Technology,Undiscloused
GetVee,"Lightspeed Venture Partners, K Ganesh","Consumer Internet",Undiscloused
Unlaze,"Sujal Shah, Dino Morea","Consumer Internet",Undiscloused
Tracxn,"Nandan Nilekani, Mohandas Pai, Neeraj Arora, Anand Rajaraman, Girish Mathrubootham, Aneesh Reddy & Teruhide Sato",Technology,Undiscloused
"Finance Buddha","Chennai Angels","Consumer Internet",Undiscloused
AlmaConnect,"Mohandas Pai, Varun Aggarwal","Consumer Internet",Undiscloused
LocalRamu,"3 undisclosed investors","Consumer Internet",Undiscloused
SigTuple,"Sachin Bansal, Binny Bansal, Accel Partners & Others",Technology,Undiscloused
NewsLaundry,"Omidyar Network,Â  Vikram Lal, Abhijit Bhandari, Mahesh Murthy, Shashank Bhagat","Consumer Internet",Undiscloused
"Aarav UAV","StartupXseed Ventures, The Phoenix Fund and others",Technology,Undiscloused
LoanZen,"Tracxn Syndicate","Consumer Internet",Undiscloused
FeetApart,"Vishal Bali & Others","Consumer Internet",Undiscloused
CarveNiche,"Calcutta Angels, Lead Angels & Others","Consumer Internet",Undiscloused
Nestaway,"Ratan Tata","Consumer Internet",Undiscloused
PinClick,"Undisclosed investors","Consumer Internet",Undiscloused
Smartcooky,"Rajan Anandan, Pramod Bhasin, Siddharth Pai, TV Mohandas Pai, Manvinder Singh Banga",ECommerce,Undiscloused
Helpi,"Undisclosed Investors","Consumer Internet",Undiscloused
DogSpot,"Ratan Tata",ECommerce,Undiscloused
Career360,MeritTrac,Education,Undiscloused
"WIMWI Foods","Centre for Innovation Incubation and Entrepreneurship (CIIE)","Food & Beverage",Undiscloused
Instaproc,"Dinesh Agarwal",ECommerce,Undiscloused
Tracxn,"Ratan Tata",BFSI,Undiscloused
Qdesq,"Dheeraj Jain, Jagdish Kumar, Bharat Gupta, Ankush Saigal, Praveen Saini","Real Estate",Undiscloused
PitStop,"Myntra/LivSpace Founders","Consumer Internet",Undiscloused
Bikxie,"Undisclosed Investors","Consumer Internet",Undiscloused
FlatFurnish,"Arun Chandra Mohan","Consumer Internet",Undiscloused
Lumiere,"Undisclosed investors",ECommerce,Undiscloused
Wishup,"500 Startups, Mato Peric, TracxnLabs","Consumer Internet",Undiscloused
Fashionablyin,"Ranjan Mahtani","Consumer Internet",Undiscloused
"Hike Messenger","Matt Mullenweg, Adam Dâ€™Angelo, Aditya Agarwal,Â  Ruchi Sanghvi & Others","Consumer Internet",Undiscloused
Bucker,"50k Ventures, Munish Jauhar, Pulkit Jain, Rohit Narang","Consumer Internet",Undiscloused
Obino,"RoundGlass Partners",Healthcare,Undiscloused
Snapshopr,"Amod Malviya","Consumer Internet",Undiscloused
Buildkar,"Mustafa Wajid, Umang Kumar & Others",ECommerce,Undiscloused
Zapr,"Flipkart, Saavn, Micromax, Dhiraj Rajaram, Ambiga Dhiraj, Dinesh Agarwal, Samir Bangara, Sanjay Nath, Arihant Patni",Technology,Undiscloused
Remidio,"Cipher-Plexus Capital Advisors & Indian HNIs",Healthcare,Undiscloused
evibe.in,"Hyderabad Angels, Lalit Mangal,Â  Vikas Malpani, Gaurav Bhalotia, LV Prasad","Consumer Internet",Undiscloused
Zoctr,"Times Group","Consumer Internet",Undiscloused
Jobick,"Abhinav Mathur","Consumer Internet",Undiscloused
Plick,"Sanjay Mehta","Consumer Internet",Undiscloused
"Voice Friends","Huzaifa Khorakiwala","Consumer Internet",Undiscloused
TinyStep,Flipkart,"Consumer Internet",Undiscloused
Cashkaro,"Ratan Tata","Consumer Internet",Undiscloused
Gameezop,"Anand Chandrasekaran & Others","Consumer Internet",Undiscloused
Reddoorz,"500 Startups","Consumer Internet",Undiscloused
"Saral Designs","Farooq Adam, Ambi Parameswaran,",Healthcare,Undiscloused
FirstCry,"Ratan Tata",ECommerce,Undiscloused
Little,GIC,"Consumer Internet",Undiscloused
Qlivery,"Chandigarh Angels Funding","Consumer Internet",Undiscloused
PlexusMD,"Arihant Patni, Avnish Mehra, Pranay Adhvaryu, Ravi Sampat","Consumer Internet",Undiscloused
Gajty,"Purvi Ventures",Healthcare,Undiscloused
SkyCandle,"GPA group",ECommerce,Undiscloused
Teabox.com,"Ratan Tata",ECommerce,Undiscloused
WhatsOnRent,"Lalit Mangal & Others",ECommerce,Undiscloused
JustDoc,"TV Mohandas Pai, Mohit Saxena, Raghunandan G, Singapore Angel Network, TracxnLabs","Consumer Interne",Undiscloused
Myeglu,"Foxconn Technology Group & Others",Technology,Undiscloused
BitGiving,"Harminder Sahni, Krishna Mehra, Sanjay Bakshi","Consumer Internet",Undiscloused
N.O.W,"Maple Capital Advisors","Consumer Internet",Undiscloused
TinMen,"Lead Angel Network","Consumer Internet",Undiscloused
CodingLabs,"Vineet Nalla",Technology,Undiscloused
FindUrClass,"Amit Patni, Anirudh Damani, Samir Shah","Consumer Internet",Undiscloused
DesignBids,"Indian Angel Network","Consumer Internet",Undiscloused
"Black White Orange Brands","YouWeCan Ventures","Brand Licensing Startup",Undiscloused
Biteclub,"growX ventures","Gourmet Food Discovery & Delivery platform",Undiscloused
Zapluk,,"Health, Wellness & Beauty Services App",Undiscloused
Kaaryah,"The Saha Fund, TV Mohandas Pai","Womens Fashion Wear Portal",Undiscloused
Anakage,"CIO Angel Network (CAN)","Product Learning platform",Undiscloused
Eckovation,"Chandigarh Angel Network (CAN)","Social Learning Platform",Undiscloused
Fitcircle,"Beerud Sheth and Ravi Mantha","Social Fitness platform",Undiscloused
Splitkart,"Rajesh Sawhney, Anupam Mittal, Dinesh Agarwal, Gaurav Gupta,","Splitting Bills Mobile App",Undiscloused
Zenatix,"Blume Ventures","IOT Energy Management Analytics platform",Undiscloused
Vlurn,"Vidyadhar Sarfare","eLearning platform",Undiscloused
mFicient,"Undisclosed investors","Cloud Enterprise Mobility Platform",Undiscloused
HeyBiz,Shopclues,"Online Shopping Assistant Mobile app",Undiscloused
JoeHukum,"TracxnLabs, Jitendra Gupta, Prashant Tandon","Chat based personal Assistant App",Undiscloused
JumboBasket,"Chandigarh Angels Network","eCommerce returns etailer",Undiscloused
"Stay Simple Resorts","Mr. Sudhir & Ms. Shalini Sethi, Mr. Praveen Someshwar","Holiday Resort Chain",Undiscloused
LocalCircles,"Anand Mahindra","Citizens Engagement Platform",Undiscloused
GetFocus,"Undisclosed investors","Indoor Navigation & Analytics Solutions",Undiscloused
UrbanClap,"Ratan Tata","Hyperlocal On-Demand Household Services platform",Undiscloused
Powerstores,"Extreme Venture PartnersÂ  William Bissell","ECommerce Website Creation SAAS platform",Undiscloused
"Intelligent Interfaces","Sachin Bansal, Binny Bansal","Interface development platform for Government officials",Undiscloused
JetSetGo,"Puneet Dalmia","Private Jet Bookings Marketplace",Undiscloused
BookEventz,"Mumbai Angels, Singapore Angel Network, Zishaan Hayath","Event Venue Booking Platform",Undiscloused
"Deal Street Asia","Vijay Shekhar Sharma, Singapore Angels Network","Digital Media Platform",Undiscloused
"STAGE 3","Nisha Sharma, Puneet Dalmia, Balaji Prabhakar","Online Renting platform",Undiscloused
Eatfresh,"Kalaari Capital","Online marketplace for Chef Meals",Undiscloused
"Focus Digit","Turning Ideas","ECommerce platform solutions",Undiscloused
"The News Minute","Quintillion Media","Online Media Publication",Undiscloused
RentOnGo,"Anand Chandrasekaran, Rajesh Sawhney, Kalpana Tatavarti, Shivanandan Pare","Bike, Appliances Renting marketplace",Undiscloused
Industrybuying,"Murugappa Group, TVS Group, Vellayan Subbiah, Arathi Krishna, Arun Venkatachalam","Online Marketplace for Industrial Goods",Undiscloused
Zapr,"Dinesh Agarwal","Reward points mobile app",Undiscloused
PlanetGogo,"HT Digital Media Holdings Ltd","Content Discovery & reward points platform",Undiscloused
LafaLafa,"Vectr Ventures","Digital Coupons, Deal & Cashback aggregator app",Undiscloused
CityFurnish,"Jitendra Gupta","Furniture and appliances rental platform",Undiscloused
Kolabro,"Umang Kumar, Ruchir Arora & others","Real Estate focused Tech platform",Undiscloused
"Intelligent Interfaces","Yuvraj Singh","Interface development platform for Government officials",Undiscloused
Findyahan,"Times Group Brand Capital","hyperlocal online Services platform",Undiscloused
Sabse,"Ratan Tata","WiFi â€“ first Cloud communication platform",Undiscloused
Paytunes,"CIO Angel Network","Voice Call incentivization mobile app",Undiscloused
Bobble,"SAIF Partners & others","Selfie Mobile App",Undiscloused
RepUp,"Indian Angel Network","Online Reputation Management Platform",Undiscloused
"Soothe Healthcare","Saina Nehwal","affordable Personal Healthcare Products",Undiscloused
Gingercrush,"TV Mohandas Paiâ€™s family office","Product Customization Platform",Undiscloused
6Degree,"Centre For Incubation & Business Acceleration (CIBA), Goa","Talent platform for Fashion professionals",Undiscloused
Grab,"Sixth Sense Ventures","Hyperlocal Logistics Service Provider",Undiscloused
Flashdoor,"Sujeet Kumar, Ankit Nagori, Traxcn Labs","On Demand Laundry Service platform",Undiscloused
Renowala,Logtally,"Home Improvement Service platform",Undiscloused
Hipship,"Inara Capital , Rishi Khiani","Express local delivery platform",Undiscloused
Pickrr,"Palaash Ventures","On-Demand Local Logistics provider",Undiscloused
Truelancer,"Blackstone Valley Group, Raghu Vohra, Aditya Dev Sood, Kamal Bansal","Curated Freelancer Marketplace",Undiscloused
"AHA Taxis","ah! Ventures","Online Taxi Rental Platform",Undiscloused
PlaceofOrigin,"S.D. Shibulal, Kris Gopalakrishnan, Srinath Batni, Professor Tarun Khanna,Â  Ganapathy Venugopal.","Online Gourmet Food Marketplace",Undiscloused
Shopsense,"Kae Capital, Kunal Bahl, Rohit Bansal","ecommerce related software product platform",Undiscloused
"Healers At Home","Daljit Singh, Dr. Pramath Raj Sinha, BVR Mohan Reddy","Home Healthcare Services platform,",Undiscloused
ServX,"Manish Gupta","Automotive Services platform",Undiscloused
"Crayon Data","Ratan Tata","Big Data Analytics Platform",Undiscloused
Stelae,"Earlsfield Capital","Content Management Software Solutions",Undiscloused
KountMoney,"Tracxn, Ashish Goenka & Others","Online Lending Marketplace",Undiscloused
StayGlad,"Bessemer Venture Partners, Anil Chopra","On Demand Beauty Services Platform",Undiscloused
Fastudent,"Ashish Gupta","Education Content etailer",Undiscloused
LearnOn,"JMR Infotech India Pvt Ltd","Clud based Learning platform",Undiscloused
Talentrack,"Unigrowth Inc","Talent Exchange & Talent Services Marketplace",Undiscloused
M-TAXI,"Mandeep Singh, Jairaj Singh","Two-Wheeler Taxi Service",Undiscloused
MoMagic,"FIH Mobile Ltd","Mobile Application Developer",Undiscloused
"Butterfly Interactive","Undisclosed investors","extra curricular activities marketplace app",Undiscloused
Bro4U,"Sargod Ventures","Hyperlocal Online Home services provider",Undiscloused
Indifi,"Accel Partners, Elevar Equity, Pramod Bhasin, Rajan Anandan, Gaurav Dalmia, Abhishek Goyal, Gagan Hasteer , Arun Tadanki","Easy Business Loans platform",Undiscloused
Wydr,"Sandeep Aggarwal","Performance based Wholesale Marketplace",Undiscloused
EasyFix,"Axilor Ventures","Professional Services Marketplace",Undiscloused
Abhibus,"Paytm (One97 communications)","bus ticketing and fleet management platform",Undiscloused
Cleartax,"Paytm (One97 communications)","Online Income Tax Filing platform",Undiscloused
SportyBeans,"YouWeCan Ventures","multi-sport program for preschoolers",Undiscloused
"Naturally Yours","Sanjay Mehta","Organic Food etailer",Undiscloused
Scandid,"Micromax Informatics","Product Discovery & comparison App",Undiscloused
StalkBuyLove,"Mato Peric, Peter Kabel & others","Online Apparels Fashion brand",Undiscloused
Mobikon,"Life.SREDA, Qualgro","Hotel Mobile CRM Software platform",Undiscloused
Curofy,"RoundGlass Partners","Doctors Network Mobile App",Undiscloused
WoNoBo,Quikr,"360-degree view creating platform",Undiscloused
Faircent,"Aarin Capital Partners","Online P2P lending marketplace",Undiscloused
Bizongo,"Accel Partners","B2B marketplace for industrial goods",Undiscloused
Tripoto,"500 Startups, IDG Ventures & Advantedge fund, Neeraj Arora, Leon Seynave","global community for travellers",Undiscloused
Mubble,"Accel Partners","Prepaid Bill manager App",Undiscloused
Gaana.com,"Micromax Informatics Ltd","Music Streaming mobile app",Undiscloused
GymTrekker,"Dewang Neralla,Roopak Taneja, Manisha Gupta","Gym Discovery platform",Undiscloused
"Bounty App","Fireside Ventures, Mumbai Angels MAPE Advisory Group.","Online Purchase rewards app",Undiscloused
Homers.in,"Devesh Rai G, Rajesh Aggarwal, Amitpal Bhutani","Home rental platform",Undiscloused
mShipper,"Vijai Laxmi","Crowdsourced Delivery platform",Undiscloused
BolRealty,"Manpreet Singh","Real Estate Insights platform",Undiscloused
LetsVenture,"Accel Partners, Anupam Mittal & other marquee investors","Startup Funding Marketplace",Undiscloused
PrimaSeller,"Dr. Aniruddha Malpani Manish Gupta, M&S Partners & others","Order Fulfillment SAAS platform",Undiscloused
iChef.in,"Springboard Ventures","Gourmet Meals Delivery",Undiscloused
"Jiyo Natural","Indian Angel Network","Healthy Meals Food delivery platform",Undiscloused
Stockal,"R Natarajan, Mohan Alexander","Personalized Stock Intelligence Platform",Undiscloused
Jombay,"Ventureworks India","Psychometric Test Online Software",Undiscloused
Simpli5d,"Redcliffe Capital, YourNest Angel Fund","Online user engagement platform",Undiscloused
UrDoorStep,"Jupiter Capital","Online Grocery Store",Undiscloused
Tavaga,"Tracxn Syndicate","Investment management platform",Undiscloused
Moglix,"Accel Partner, Jungle Ventures","Industrial Toons Marketplace",Undiscloused
Niki.ai,"Unilazer Ventures","Artificial Intelligence Ecommerce Chatbot",Undiscloused
Instavans,"Suresh Vaswani","Truck Aggregator & Logistics service",Undiscloused
FXMartIndia,Flipkart,"Payment Services platform",Undiscloused
HolaChef,"Ratan Tata","Food Delivery Platform",Undiscloused
MeraDoctor,"India Quotient & other investors","Doctor consultancy Mobile App",Undiscloused
HiJinny,"CMYK Health Boutique Pvt Ltd & Other individual investors","Beauty & Wellness Services Marketplace",Undiscloused
ReportBee,"India Educational Investment Fund","Smart Report Cards for Schools",Undiscloused
"GuruG Learning","India Educational Investment Fund","Teacher empowerment platform",Undiscloused
Envoged,"Ankush Nijhawan, Manish Dhingra, Gaurav Bhatnagar","pre-used luxury item Marketplace",Undiscloused
Renomania,"Subodh Gupta","Home Design & DÃ©cor platform",Undiscloused
YatraGenie,"Ash Bhardwaj","Online Bus & Cab ticketing platform",Undiscloused
Mubble,"Nandan Nilekani","Prepaid Mobile Bill Manager App",Undiscloused
FYNE,"Sandeep Dama & Others","Home Fitting & Fixtures Marketplace",Undiscloused
UniLog,"Kalaari Capital","ECommerce Data Analytics Platform",Undiscloused
Paintcollar,Applyifi,"Designer Merchandize Marketplace",Undiscloused
DailyNinja,"Aprameya Radhakrishna, Naman Sarawagi, Afsal Salu,","Hyperlocal Delivery Platform",Undiscloused
DishCo,"Anand Mahindra, Uday Punj, Ashish Hemrajani, Sanjeev Mehra","Food discovery & table booking app",Undiscloused
ConnectAbank,"Prakhar Bumb","Financial Products lead generation platform",Undiscloused
VillFarm,"Unitus Seed Fund, Rianta Capital, R Ramaraj, Sunil Edwards","Sustainable Agri-inputs Firm",Undiscloused
GameXS.in,"Lead Angels","Pre-owned games Marketplace",Undiscloused
"The Man Company","Karan Bajwa, Amanpreet Bajaj, Manish Vij","Content-based Subscription eCommerce platform",Undiscloused
Credihealth,"Rajat Malhotra","Healthcare Consulting platform",Undiscloused
Amigobulls,"Sharad Sharma, Vijay Anand, Mohandas Pai. Pallav Nadhani, Singapore Angels Network & others","Stock Market Portal",Undiscloused
TravelKhana,"Astarc Ventures & Others","online meal-booking platform for train travelers",Undiscloused
Quickli,"500 Startups, Mato Peric & Others","hyperlocal delivery platform",Undiscloused
Hugefly,"Mayank Singhal and others","Ecommerce Product recommendation platform",Undiscloused
Brigge,"The Chennai Angels","Activity Based Social Network",Undiscloused
LoanCircle,"Zishaan Hayath, Rahul Khanna & Others","Consumer lending marketplace",Undiscloused
FirstTouch,"Kunal Bahl, Rohit Bansal, Pranay Chulet, Naveen Tiwari, Amit Gupta, Mayank Singhal","Local Mobile OS",Undiscloused
Cuelearn,"Alok Mittal","Tech-enabled learning",Undiscloused
"The Home Salon",VentureNursery,"on-demand home beauty and wellness portal",Undiscloused
Jusride,"Alok Mittal, Zeeshan Hayat, Niraj Singh, Nikunj Jain, Anirudh Damani, Punit Goyal","Self Driven Car rental",Undiscloused
Glowship,"Infuse Ventures","Energy & Environment Online Marketplace",Undiscloused
Zocalo,"Sachin Bhatia, Rajesh Sawhney","Rental Accomodation finder",Undiscloused
Klozee,"Tracxn Labs","Luxury Apparel rental",Undiscloused
LoudShout,"Sanjay Sethi, Ravi Jaipuria & others","anonymous bulletin board app",Undiscloused
Wetravelsolo,"CCube Angels, Frontline Strategy","Travel community platform",Undiscloused
"NDTV ecommerce venture","Inflexionpoint, Pramod Bhasin, Sixth Sense Ventures, Vindi Banga, Hiro Mashita","Car & Bike ecommerce platform",Undiscloused
GIBSS,"responsAbility Investments, Infuse Ventures","Energy saving solutions provider",Undiscloused
StoreMore.in,"Bedrock Ventures","Self-Storage Spaces",Undiscloused
iOrderFresh,"Best Foodworks","Grocery retail Mobile app",Undiscloused
"Actionable Analytics","B M Gupta, Vinod Singhal","Machine Learning Platform",Undiscloused
Massblurb,"LetsVenture, Mumbai Angels","Digital Marketing automation solution",Undiscloused
VanityCube,"Group of angel investors","On-Demand Beauty Services",Undiscloused
YourStory,"Ratan Tata, Vani Kola, T V Mohandas Pai, Karthee Madasamay","Startup Focused Online Publisher",Undiscloused
Orobind,"Existing & New Investors","App based Fitness coaching",Undiscloused
Fixy,VentureNursery,"On demand cleaning & fixing services",Undiscloused
"MSM Box","Rohit Goel","Beauty & Lifestyle platform",Undiscloused
"Gadgets 360","One97 Communications","Car & Bike ecommerce platform",Undiscloused
Twyst,"Rohit Bhatia, Sunil Nikhar, Vaibhav Domkundwar, Siddharth Nautiyal","Location based engagement & rewards platform",Undiscloused
IDfy,"NEA, Blume Ventures & others","Online Identity Verification Services platform",Undiscloused
Fashionove,"Umesh Yadav","Fashion Search & Review Platform",Undiscloused
Envoged,"Manish Dhingra, Ankush Nijhawa, Gaurav Bhatnagar","pre-owned Luxury online apparel seller",Undiscloused
iZofy,"Prime Capital Markets Ltd","Scientific Horoscope Online Assistance platform",Undiscloused
rBus,"India Quotient, Anupam Mittal & others","Tech enabled AC bus service",Undiscloused
EzySolare,"Infuse Ventures","solar products and services marketplace",Undiscloused
InstaSafe,"Group of Investors","Private Cloud Networks SAAS platform",Undiscloused
"Eazy Coach","Ravi Agarwal","Education Marketplace",Undiscloused
Djubo.com,"Ibibo Group","Cloud Based Hotel Sales Platform",Undiscloused
BetterButter.in,"Growx Ventures, Manish Singhal","online recipe sharing platform",Undiscloused
iamwire,"Li Tao, Li Jian, Draphant Consultants, Nitin Garg, Saurabh Jain, Mohit Agarwal","Digital Media publishing platform",Undiscloused
"Infinite Analytics","Ratan Tata, Nikhil Vora & others","Big Data & predictive Analysis Platform",Undiscloused
Parcelled,"Delhivery, Tracxn Labs","Online Logistics Platform",Undiscloused
"Retigence Technologies","Omnivore Partners","Business IT Intelligence Services",Undiscloused
iDreamCareer,"ah! Ventures, Vivek Joshi, Mohit Satyanand & others","Ed-Tech Platform",Undiscloused
"Ola Cabs","Ratan Tata","Cab rental Mobile app",Undiscloused
Goqii,"Vijay Shekhar Sharma","Mobile Fitness Marketplace",Undiscloused
Elanic,"Rebright Partners, Tracxn Labs, Aneesh Reddy","P2P Pre-owned goods marketplace",Undiscloused
"Urban Tailor","Group of angel investors","Online Tailoring Services",Undiscloused
ConfirmtTkt,"Pravin Agarwala & others","Rail Ticket Confirmation predictor",Undiscloused
getNow,"Atulya Mittal","Hyperlocal Goods marketplace",Undiscloused
Eatlo,"Powai Lake Ventures, Globeinvestor, Abhishekh Goyal","Food Delivery platform",Undiscloused
IndiaLends,"DSG Consumer Partners, Siddharth Parekh","Financial Tech",Undiscloused
Quinto,"Jaydeep Barman","Food Discovery App",Undiscloused
Ampere,"Ratan Tata","Electric Scooter manufacturer",Undiscloused
Shopsity,"Sandeep Aggarwal, Teruhide Sato","Fashion Info Aggregator App",Undiscloused
Notesgen,"Rajeev Saraf, Arvind Jha, R. Satya Narayanan","Online Study Notes Marketplace",Undiscloused
Satvacart,"Palaash Ventures","Online Grocery Delivery",Undiscloused
Zenify,"Atul Jalan","Residential Rental management platform",Undiscloused
InstaLively.com,"Anupam Mittal, Anand Chandrasekaran, Uday Shankar, Chetan Bhagat","Live video streaming app",Undiscloused
ZenRadius,"Tracxn Labs, Deepak Singh","Online Hiring Platform",Undiscloused
iCrushiFlush,"IDG Ventures India","Casual Dating App",Undiscloused
JetSetGo,"YourWeCan Ventures","Private Jet/ Helicopter Marketplace",Undiscloused
Shopatplaces,"Indian Angel Network","Ethnic/ Traditional Fashion Store",Undiscloused
Townrush,"Lightspeed Venture Partners","B2B logistics delivery platform",Undiscloused
Locus,"growX ventures,Â  Manish Singhal","Logistics Automation Platform",Undiscloused
Bevy,"Varun Agarwal & Others","Online Hiring Platform",Undiscloused
Wassup,"B S Nagesh","On-Demand Laundry & Dry cleaning App",Undiscloused
Cartisan,"YouWeCan Ventures,Â  Aprameya Radhakrishna","On-Demand Car services App",Undiscloused
TripFactory,"Aarin Capital Partners,","Online Curated Holiday package bookings",Undiscloused
Vyomo,"Aprameya Radhakrishna","Beauty and Wellness Platform",Undiscloused
CredR,GrowthStory,"Used two-wheeler Marketplace",Undiscloused
"Karma Healthcare","Ennovent Impact Investment Holding","Tech-enabled Rural Healthcare Services",Undiscloused
"Entropy Innovations","Mark Mobius & 9 Other Angel investors","Engineering Innovations",Undiscloused
MyPoolin,"Sharad Sharma, Rajan Anandan, Sunil Kalra, Amit Ranjan, Rohan Malhotra,Â  Arjun Malhotra, Gautam Gandhi","P2P Payments platform",Undiscloused
KAARYAH,"Ratan Tata","Women Lifestyle Marketplace",Undiscloused
PosterGully,"Natarajan Iyer,Rajesh Sawhney,Â  & other Angel investors.","Artist / Designer Marketplace",Undiscloused
Printland,"SIDBI Venture Capital Ltd","Online Printing Services",Undiscloused
Guiddoo,"Pawan Borle, SVP Fly Dubai & Others","Travel Guide Mobile App",Undiscloused
iSTAR,"Unitus Seed Fund","Skill Training & Placement Platform",Undiscloused
FoodAbhi,"Group of angel investors","online tiffin service aggregator",Undiscloused
"Karma Recycling","Infuse Ventures, Low Carbon Enterprise Fund","Electronic Goods recycling service",Undiscloused
Babychakra,"Mumbai Angels, Patni Family Office, Singapore Angel Network, Karan Maheshwari, Jatin Aneja, Kishor Ganji, Roopa Nath","Parents & Kids Online platform",Undiscloused
Jiffstore,"Unitus Seed Fund, Times Internet","Online Grocery platform",Undiscloused
Moovo,"YouWeCan Ventures","On-Demand Logistics Service",Undiscloused
HealthifyMe,"Gopal Srinivasan, Sashi Reddy, Amit Gupta, Pallav Nadhani","Health & Fitness App",Undiscloused
CAKART.in,"Sunil Maheshwari & group of investors","Online Education Marketplace",Undiscloused
Ixigo,"Micromax Informatics","Travel Search Engine",Undiscloused
SkillAngels,"Sprout Angels LLP","Brain Games Platform",Undiscloused
Banihal,"Dr David Cheriton","Algorithmic Match Making Platform",Undiscloused
Healthians.com,"YouWeCan Ventures","Preventive healthcare services",Undiscloused
LabInApp,"Unitus Seed Fund","Science Learning App",Undiscloused
"Syona Cosmetics","Chennai Angels","Beauty and Wellness platform",Undiscloused
"Sigrid Education","Oliphans Capital","Online Education Platform",Undiscloused
StayGlad,"Tracxn Labs, Sahil Barua","Beauty services Mobile Marketplace",Undiscloused
Buttercups,"Kanwaljit Singh, Angie Mahtaney, Manoj Varghese","Online Lingerie platform",Undiscloused
RailYatri,"Helion Ventures, Omidiyar Network, Blume Ventures and Ujama","Railways Information Mobile app",Undiscloused
aagaar.com,"Group of Investors","Hyperlocal grocery delivery",Undiscloused
Customer360,"Vishwas Patel","Customer Engagement Platform",Undiscloused
Uniphore,"IDG Ventures, Kris Gopalakrishnan","Speech Recognition Solutions",Undiscloused
KleverKid,"Aarin Capital Partners","Online Education Platform",Undiscloused
HealthifyMe,"Micromax Informatics","Health & Fitness App",Undiscloused
Mobiefit,Prototyze,"Mobile Fitness App",Undiscloused
WorkHorse,"Undisclosed Investors","Service-On-Demand Mobile App",Undiscloused
Innovaccer,"Rajan Anandan, Teru Sato, Aneesh Reddy, Venkatesh Valluri","Intelligent Data Analytics",Undiscloused
MyCuteOffice,"Lead Angels","Online Office Rental",Undiscloused
TheBetterIndia.com,"Mohandas Pai","Online News Media",Undiscloused
"Awaaz De","Samir Shah","Enterprise Communication Platform",Undiscloused
Inspirock,"MakeMyTrip Innovation Fund","Online Travel Planning",Undiscloused
SunTerrace,"Sunergy Investors","Rooftop Solar Plants",Undiscloused
CarDekho,"HDFC Bank","Online Car Portal",Undiscloused
Razorpay,"Punit Soni","Online Payment Gateway",Undiscloused
"Newgen Payments","Jan Manten","Payments Solution Provider",Undiscloused
Truweight,"Kalaari Capital","Weight Management Service",Undiscloused
LogiNext,"Ajit Surana, Sanjay Mehta","Logistics Tech",Undiscloused
"Purple Squirrel","Matrix Partners India, India Quotient",Ed-Tech,Undiscloused
"iMMi Life","Unitus Seed Fund","Mobile Health Tech",Undiscloused
Doormint,"Powai Lake Ventures","On-Demand Handyman Services",Undiscloused
Vyomo,"YouWeCan Ventures","Beauty & Wellness Mobile App",Undiscloused
FindYahan,"The Phoenix Fund","Hyperlocal services marketplace",Undiscloused
EazyDiner,"Deepak Shahdadpuri, Gulpreet Kohli","Restaurant reservation app",Undiscloused
"Phone Warrior","Lightspeed Ventures","Spam Call block App",Undiscloused
GIBBS,"Infuse Ventures fund","Clean Tech",Undiscloused
"Urban Ladder","Anand Rajaraman, Venky Harinarayan","Online Furniture ecommerce",Undiscloused
Dazo,"Sumit Jain, Aprameya Radhakrishna, Alok Goel, Rajan Anandan, Amit Agrawal, Vinay Goel, Gaurav Munjal, Ashish Dev Kapur","Mobile Food Ordering app",Undiscloused
